{"top_heads": [[0, 22], [23, 5], [0, 23], [1, 3], [3, 3], [0, 2], [1, 22], [1, 4], [3, 4], [1, 10], [24, 20], [0, 5], [1, 1], [0, 4], [1, 6], [1, 20], [0, 3], [1, 11], [21, 23], [24, 13], [1, 18], [21, 11], [6, 9], [0, 12], [1, 15], [22, 7], [0, 10], [0, 19], [2, 22], [0, 1], [22, 20], [1, 13], [2, 15], [22, 19], [22, 0], [0, 8], [23, 18], [2, 2], [0, 9], [24, 9], [22, 18], [23, 12], [2, 6], [2, 23], [4, 13], [1, 23], [3, 18], [0, 14], [22, 23], [18, 14], [1, 14], [2, 0], [25, 11], [23, 19], [0, 18], [0, 20], [1, 5], [0, 11], [1, 7], [0, 6], [4, 3], [5, 5], [3, 15], [16, 5], [0, 16], [25, 1], [26, 17], [18, 4], [24, 14], [2, 21], [25, 4], [0, 0], [21, 7], [2, 13], [22, 1], [16, 2], [3, 14], [2, 12], [1, 8], [15, 13], [5, 1], [22, 6], [1, 0], [2, 1], [25, 14], [25, 5], [3, 12], [2, 11], [6, 6], [1, 17], [6, 7], [25, 10], [6, 23], [5, 22], [23, 4], [2, 14], [25, 3], [4, 5], [6, 8], [4, 12]], "top_head_effects": [1.288531962018169e-06, 1.6289103541566874e-06, 2.1507858036784455e-06, 2.5450510747759836e-06, 3.0570784019801067e-06, 3.961425591114676e-06, 4.164077836321667e-06, 5.404408966569463e-06, 5.419092303782236e-06, 5.879910077055683e-06, 6.309975105978083e-06, 6.49833327770466e-06, 6.970324193389388e-06, 7.093698513926938e-06, 7.862216079956852e-06, 8.855668966134544e-06, 8.864031769917347e-06, 9.107767255045474e-06, 9.382667485624552e-06, 9.567107554175891e-06, 9.907523235597182e-06, 1.000377415039111e-05, 1.015071029542014e-05, 1.0404765816929284e-05, 1.0518962881178595e-05, 1.0590475540084299e-05, 1.0678486432880163e-05, 1.0690494491427671e-05, 1.0817155271070078e-05, 1.1484640708658844e-05, 1.172824249806581e-05, 1.1749683835660107e-05, 1.233682814927306e-05, 1.2444312233128585e-05, 1.374204111925792e-05, 1.4005065168021247e-05, 1.4365846254804637e-05, 1.4952356650610454e-05, 1.562218676554039e-05, 1.5629690096830018e-05, 1.5651054127374664e-05, 1.598522976564709e-05, 1.611939660506323e-05, 1.646100645302795e-05, 1.673625774856191e-05, 1.673828410275746e-05, 1.7381391444359906e-05, 1.741573760227766e-05, 1.7423948520445265e-05, 1.8255843315273523e-05, 1.859024450823199e-05, 1.897448419185821e-05, 1.9300727217341773e-05, 1.942773087648675e-05, 1.945878284459468e-05, 1.9866403818014078e-05, 1.9964718376286328e-05, 2.039472383330576e-05, 2.155798938474618e-05, 2.157730341423303e-05, 2.1762356482213363e-05, 2.1803210984217003e-05, 2.2410757082980126e-05, 2.264577960886527e-05, 2.3266193238669075e-05, 2.3457938368665054e-05, 2.3895079721114598e-05, 2.403910730208736e-05, 2.4088742065941915e-05, 2.4408931494690478e-05, 2.4883527657948434e-05, 2.5459205062361434e-05, 2.685290019144304e-05, 2.688272434170358e-05, 2.7074569516116753e-05, 2.7234187655267306e-05, 2.8114543965784833e-05, 2.8267333618714474e-05, 2.8580283469636925e-05, 2.8610138542717323e-05, 2.862762994482182e-05, 2.8706221200991422e-05, 3.0309995054267347e-05, 3.147214010823518e-05, 3.1501142075285316e-05, 3.2421830837847665e-05, 3.324992940179072e-05, 3.403108712518588e-05, 3.429807838983834e-05, 3.539304816513322e-05, 3.7411049561342224e-05, 3.760598701774143e-05, 3.825187013717368e-05, 3.8278813008219004e-05, 3.948270750697702e-05, 3.960206231568009e-05, 4.069456917932257e-05, 4.106091728317551e-05, 4.133830952923745e-05, 4.136391362408176e-05]}