{"top_heads": [[0, 31], [1, 17], [3, 2], [0, 21], [0, 29], [0, 18], [0, 15], [4, 18], [1, 24], [26, 24], [2, 8], [0, 26], [0, 1], [2, 30], [0, 30], [2, 31], [1, 19], [25, 8], [1, 1], [29, 12], [0, 19], [28, 4], [25, 29], [20, 6], [0, 22], [28, 19], [27, 12], [27, 27], [3, 16], [25, 9], [0, 24], [25, 26], [21, 28], [29, 5], [1, 30], [0, 4], [26, 16], [26, 4], [0, 28], [1, 11], [6, 10], [1, 5], [24, 31], [1, 13], [3, 9], [1, 27], [2, 17], [1, 4], [4, 0], [4, 20], [1, 25], [0, 2], [4, 22], [24, 0], [24, 28], [29, 19], [3, 5], [1, 6], [29, 18], [5, 9], [22, 26], [2, 23], [5, 21], [1, 20], [29, 7], [2, 2], [24, 4], [25, 31], [0, 17], [1, 7], [4, 28], [18, 7], [0, 6], [1, 9], [21, 21], [28, 1], [2, 0], [24, 12], [18, 3], [24, 8], [27, 19], [0, 5], [19, 26], [0, 3], [5, 2], [0, 0], [0, 16], [19, 24], [4, 25], [2, 9], [26, 25], [23, 16], [24, 5], [5, 20], [3, 15], [18, 13], [28, 26], [22, 5], [2, 28], [19, 5]], "top_head_effects": [4.092020944312935e-08, 7.535177815043426e-07, 1.1598115179367596e-06, 1.3096670272716437e-06, 1.3096964721626136e-06, 1.4203928913048003e-06, 1.6501363688803394e-06, 2.160996018574224e-06, 2.5577191991033033e-06, 2.8932563509442843e-06, 3.3996320780715905e-06, 3.523153736750828e-06, 3.7767542835354107e-06, 3.955402917199535e-06, 3.980718702223385e-06, 4.0725499275140464e-06, 4.443210400495445e-06, 4.910656571155414e-06, 5.062486707174685e-06, 5.286897703626892e-06, 5.6036828937067185e-06, 5.939138645771891e-06, 5.942426014371449e-06, 6.310659045993816e-06, 6.4783471316332e-06, 6.795263288950082e-06, 6.958290214242879e-06, 7.256462140503572e-06, 7.489783911296399e-06, 7.496759280911647e-06, 7.744035428913776e-06, 8.061371772782877e-06, 8.062484084803145e-06, 8.38353116705548e-06, 8.413462637690827e-06, 8.585429895902053e-06, 8.691541552252602e-06, 8.731552952667698e-06, 8.802168849797454e-06, 8.859446097631007e-06, 8.92493608262157e-06, 1.0182444384554401e-05, 1.029008490149863e-05, 1.0410597496957052e-05, 1.0451401067257393e-05, 1.0503886187507305e-05, 1.0515104804653674e-05, 1.0687967915146146e-05, 1.0706517059588805e-05, 1.1070859727624338e-05, 1.1095036825281568e-05, 1.1264301065239124e-05, 1.173364398709964e-05, 1.1808639101218432e-05, 1.1998048648820259e-05, 1.2053145837853663e-05, 1.2092299584764987e-05, 1.2112827789678704e-05, 1.2171808521088678e-05, 1.2579423128045164e-05, 1.2657626939471811e-05, 1.3427305020741187e-05, 1.3625342035084032e-05, 1.3790868251817301e-05, 1.3853899872628972e-05, 1.3872175259166397e-05, 1.392901049257489e-05, 1.4310283404483926e-05, 1.4450936760113109e-05, 1.4501607438432984e-05, 1.494454681960633e-05, 1.519376746728085e-05, 1.5270390576915815e-05, 1.528186840005219e-05, 1.5457442714250647e-05, 1.5501846064580604e-05, 1.5510588127654046e-05, 1.5688339772168547e-05, 1.5931649613776244e-05, 1.733547105686739e-05, 1.744712244544644e-05, 1.770413109625224e-05, 1.831319968914613e-05, 1.936627086251974e-05, 1.9847033399855718e-05, 2.0190182112855837e-05, 2.0209083231748082e-05, 2.0385963580338284e-05, 2.0516021322691813e-05, 2.066060551442206e-05, 2.1113170078024268e-05, 2.177062924602069e-05, 2.2031466869520955e-05, 2.2314128727884963e-05, 2.2427018848247826e-05, 2.2936334062251262e-05, 2.295049125677906e-05, 2.302446955582127e-05, 2.324367051187437e-05, 2.3449258151231334e-05]}