{"top_heads": [[12, 20], [14, 12], [14, 1], [19, 7], [9, 19], [15, 4], [14, 14], [10, 22], [12, 17], [17, 17], [12, 3], [10, 23], [13, 15], [15, 9], [13, 4], [15, 7], [23, 10], [19, 1], [14, 6], [17, 2], [12, 23], [13, 14], [12, 6], [12, 16], [13, 8], [6, 1], [13, 6], [14, 5], [8, 2], [26, 14], [14, 15], [24, 21], [27, 17], [13, 3], [26, 23], [9, 23], [16, 21], [22, 17], [18, 20], [27, 7], [17, 0], [19, 6], [18, 11], [11, 16], [27, 9], [13, 23], [10, 3], [14, 2], [12, 2], [10, 4], [27, 11], [11, 7], [10, 0], [10, 12], [11, 8], [13, 7], [10, 11], [11, 2], [13, 11], [12, 22], [18, 6], [26, 20], [24, 16], [21, 1], [21, 14], [14, 16], [14, 22], [16, 16], [26, 8], [9, 12], [11, 0], [15, 12], [15, 3], [13, 9], [6, 21], [16, 22], [12, 12], [7, 17], [16, 15], [26, 6], [13, 19], [11, 4], [13, 20], [19, 8], [16, 9], [5, 6], [10, 15], [9, 2], [24, 2], [27, 18], [10, 1], [20, 15], [11, 12], [25, 8], [13, 1], [17, 9], [19, 20], [26, 13], [11, 22], [14, 0]], "top_head_effects": [0.21131475269794464, 0.0972333624958992, 0.07390675693750381, 0.029932701960206032, 0.01761644519865513, 0.01601962186396122, 0.015394218266010284, 0.012505900114774704, 0.010568578727543354, 0.009948051534593105, 0.009803004562854767, 0.009042453952133656, 0.007324595004320145, 0.007299037184566259, 0.006957426201552153, 0.0062488834373652935, 0.006174914073199034, 0.005984628107398748, 0.005956645589321852, 0.0056377905420959, 0.0048839859664440155, 0.00467104883864522, 0.004553067032247782, 0.004250438418239355, 0.004192659165710211, 0.0040475898422300816, 0.003951829858124256, 0.003922477830201387, 0.003883839352056384, 0.003754404606297612, 0.003450091928243637, 0.0031817264389246702, 0.0030690308194607496, 0.003040007082745433, 0.003032570704817772, 0.002966954605653882, 0.002773517742753029, 0.002716941060498357, 0.002556025981903076, 0.002345801331102848, 0.0021677364129573107, 0.0021568580996245146, 0.002131539862602949, 0.0020735275465995073, 0.002008959650993347, 0.002005944959819317, 0.002002147724851966, 0.0018837964162230492, 0.0017392953159287572, 0.0017330916598439217, 0.001712815836071968, 0.001686431118287146, 0.0016805051127448678, 0.0015991177642717957, 0.001575722242705524, 0.0014789936831220984, 0.001406532246619463, 0.0013731898507103324, 0.0013392865657806396, 0.0013285813620314002, 0.0013241962296888232, 0.001312609645538032, 0.001302647520788014, 0.001262255129404366, 0.001235484378412366, 0.0012133732670918107, 0.0011823481181636453, 0.0011224513873457909, 0.001097179134376347, 0.0010774271795526147, 0.0010687742615118623, 0.0010575352935120463, 0.0010368329240009189, 0.0010351163800805807, 0.0010265172459185123, 0.0010109007125720382, 0.000985288992524147, 0.0009662212687544525, 0.0008949292823672295, 0.0008691814728081226, 0.0008671957184560597, 0.0008608636562712491, 0.0008408778230659664, 0.0007892782450653613, 0.0007635776419192553, 0.0007426635711453855, 0.0007106755510903895, 0.0007024966762401164, 0.0006893940735608339, 0.0006710555753670633, 0.000666717707645148, 0.0006620957865379751, 0.0006525727803818882, 0.0006448356434702873, 0.000632044451776892, 0.0006137897144071758, 0.0006103382911533117, 0.0005993798840790987, 0.0005885290447622538, 0.0005878960364498198]}