{"top_heads": [[14, 1], [11, 2], [9, 25], [12, 15], [12, 28], [19, 16], [13, 7], [11, 18], [12, 18], [16, 10], [14, 16], [14, 14], [16, 1], [18, 26], [16, 20], [16, 29], [18, 1], [11, 22], [19, 27], [15, 11], [13, 30], [29, 30], [8, 26], [15, 9], [16, 0], [11, 30], [14, 7], [13, 20], [10, 4], [12, 11], [14, 28], [16, 6], [29, 26], [31, 4], [13, 13], [14, 24], [19, 2], [17, 19], [10, 5], [6, 16], [17, 28], [31, 17], [14, 9], [26, 28], [13, 10], [12, 26], [28, 13], [10, 14], [27, 7], [30, 9], [17, 12], [26, 30], [15, 25], [13, 8], [16, 7], [14, 18], [13, 2], [31, 3], [7, 28], [15, 17], [15, 8], [14, 3], [15, 14], [15, 10], [31, 26], [13, 19], [16, 19], [15, 23], [12, 2], [24, 18], [6, 9], [28, 7], [15, 24], [14, 10], [14, 5], [12, 16], [26, 9], [31, 22], [13, 17], [27, 29], [10, 31], [19, 12], [14, 11], [28, 21], [12, 9], [15, 13], [15, 16], [12, 23], [11, 15], [18, 5], [26, 14], [12, 3], [11, 7], [8, 5], [10, 17], [10, 8], [25, 12], [8, 0], [18, 13], [11, 28]], "top_head_effects": [0.030029192566871643, 0.025982139632105827, 0.025247029960155487, 0.0176104549318552, 0.013934855349361897, 0.011937953531742096, 0.011432784609496593, 0.011002897284924984, 0.009387689642608166, 0.006470318417996168, 0.004316803067922592, 0.004264786373823881, 0.004237880930304527, 0.0034384869504719973, 0.0033716701436787844, 0.002611105563119054, 0.002564712893217802, 0.0023666503839194775, 0.0020940524991601706, 0.0019962170626968145, 0.0019474116852506995, 0.001933071413077414, 0.0019104410894215107, 0.001812413684092462, 0.001772302552126348, 0.0017381488578394055, 0.0016979981446638703, 0.0014263518387451768, 0.0014233142137527466, 0.001419083564542234, 0.0013804234331473708, 0.0013407720252871513, 0.0012396875536069274, 0.0012175949523225427, 0.0011820551007986069, 0.001173425349406898, 0.0011557844700291753, 0.001137490151450038, 0.0011349766282364726, 0.0011220212327316403, 0.0011168577475473285, 0.0010074522579088807, 0.001004031510092318, 0.0009713068138808012, 0.0009638918563723564, 0.0009542093612253666, 0.0009203043882735074, 0.0009192132856696844, 0.0008665357599966228, 0.0008638207800686359, 0.0008486972656100988, 0.000844269001390785, 0.0008408851572312415, 0.0008144171442836523, 0.0007873950526118279, 0.0007594916969537735, 0.0007544755353592336, 0.000751469109673053, 0.0007467560935765505, 0.0007184508722275496, 0.0007087897974997759, 0.0007031601271592081, 0.0006860792054794729, 0.0006728331209160388, 0.0006602889043278992, 0.0006436819094233215, 0.0006261058733798563, 0.0006188155966810882, 0.0006137812742963433, 0.0005842262180522084, 0.0005610079970210791, 0.0005479988176375628, 0.0005389818688854575, 0.0005244529456831515, 0.0005168492789380252, 0.0005073739448562264, 0.000507136108353734, 0.0005001751123927534, 0.0004865912487730384, 0.00048576699919067323, 0.0004835686704609543, 0.00047238843399100006, 0.0004671375791076571, 0.00046286615543067455, 0.00045260219485498965, 0.00043456617277115583, 0.00043318336247466505, 0.00042556124390102923, 0.000412853347370401, 0.00040817042463459074, 0.0003994929138571024, 0.000395014911191538, 0.0003903245960827917, 0.00038752867840230465, 0.0003868657222483307, 0.0003864414757117629, 0.00037780636921525, 0.0003674107138067484, 0.00035318845766596496, 0.00034972428693436086]}