{"top_heads": [[14, 1], [11, 2], [9, 25], [12, 15], [12, 28], [13, 7], [11, 18], [12, 18], [16, 10], [19, 16], [14, 14], [16, 1], [14, 16], [18, 26], [16, 20], [18, 1], [16, 29], [15, 23], [11, 22], [16, 0], [14, 7], [12, 11], [19, 27], [15, 8], [26, 9], [15, 11], [17, 28], [14, 9], [8, 26], [15, 17], [13, 30], [12, 26], [31, 3], [7, 28], [15, 9], [26, 28], [6, 16], [11, 30], [16, 6], [14, 18], [14, 3], [31, 11], [10, 4], [14, 24], [29, 30], [31, 4], [16, 19], [19, 2], [31, 26], [13, 2], [13, 8], [15, 25], [14, 28], [30, 10], [15, 5], [16, 7], [15, 24], [29, 26], [17, 0], [6, 9], [17, 19], [10, 14], [15, 10], [29, 4], [8, 5], [17, 12], [27, 29], [13, 10], [14, 11], [13, 19], [13, 23], [12, 2], [28, 7], [23, 19], [13, 20], [11, 25], [13, 25], [29, 8], [6, 20], [19, 12], [25, 23], [14, 10], [24, 10], [8, 0], [13, 13], [23, 18], [24, 18], [12, 3], [26, 30], [14, 27], [10, 5], [28, 13], [13, 17], [15, 13], [30, 7], [31, 8], [12, 9], [25, 12], [13, 1], [10, 30]], "top_head_effects": [0.07877729088068008, 0.06421177089214325, 0.04909755289554596, 0.03793628513813019, 0.036421675235033035, 0.03116864524781704, 0.025692207738757133, 0.023792998865246773, 0.017467504367232323, 0.012963243760168552, 0.01170203648507595, 0.010757246986031532, 0.010073816403746605, 0.009893806651234627, 0.008286665193736553, 0.00713855866342783, 0.006407642737030983, 0.006160757504403591, 0.006038660183548927, 0.006036578211933374, 0.0055502355098724365, 0.005424648988991976, 0.005408545024693012, 0.004896253347396851, 0.004552535712718964, 0.0045093270018696785, 0.004487423226237297, 0.004453228786587715, 0.004184257704764605, 0.0040198806673288345, 0.0040062288753688335, 0.003979930188506842, 0.00378127908334136, 0.0037127372343093157, 0.003691920079290867, 0.0036296811886131763, 0.003624381497502327, 0.0035797914024442434, 0.003350617829710245, 0.003267014632001519, 0.003225727705284953, 0.0030838465318083763, 0.0030603057239204645, 0.002897347556427121, 0.002878435654565692, 0.00284517090767622, 0.002792184939607978, 0.002743341261520982, 0.002677357755601406, 0.002601815154775977, 0.0025683396961539984, 0.002559638349339366, 0.002415604190900922, 0.0024135576095432043, 0.002358262427151203, 0.0022309739142656326, 0.00222200364805758, 0.0022011157125234604, 0.0021941831801086664, 0.0021468386985361576, 0.002107789507135749, 0.002091148169711232, 0.002087315544486046, 0.0020613393280655146, 0.0020153624936938286, 0.0019959905184805393, 0.0019914053846150637, 0.0018475865945219994, 0.001768160262145102, 0.0017455988563597202, 0.0017270646058022976, 0.0016531628789380193, 0.0016405204078182578, 0.0016028035897761583, 0.0015983459306880832, 0.001587838982231915, 0.0015455731190741062, 0.0014961097622290254, 0.00149150553625077, 0.0014875897904857993, 0.001451258547604084, 0.0014337581815198064, 0.0014325823867693543, 0.0014154491946101189, 0.0013870843686163425, 0.0013610997702926397, 0.0013331669615581632, 0.001253389986231923, 0.0012367782182991505, 0.0012346116127446294, 0.0012341098627075553, 0.0012065937044098973, 0.0011889130109921098, 0.0011584252351894975, 0.001157898921519518, 0.001108765136450529, 0.0010748878121376038, 0.0010509513085708022, 0.001050187973305583, 0.0010240385308861732]}