{"top_heads": [[30, 13], [24, 26], [2, 19], [3, 4], [3, 7], [0, 28], [0, 22], [26, 31], [30, 28], [23, 25], [3, 12], [5, 9], [2, 24], [28, 4], [3, 25], [5, 10], [26, 11], [28, 22], [25, 16], [28, 24], [4, 10], [3, 5], [24, 21], [30, 6], [30, 19], [28, 16], [22, 1], [27, 10], [2, 6], [2, 11], [23, 15], [0, 26], [4, 25], [0, 10], [4, 24], [25, 14], [2, 13], [2, 10], [24, 2], [23, 24], [7, 10], [2, 0], [1, 28], [3, 1], [28, 6], [25, 1], [1, 7], [2, 12], [30, 8], [4, 11], [2, 26], [28, 12], [1, 9], [3, 20], [30, 17], [30, 16], [3, 10], [30, 22], [4, 14], [4, 19], [30, 0], [23, 2], [27, 30], [26, 5], [25, 10], [29, 27], [3, 11], [2, 15], [8, 20], [26, 8], [21, 7], [2, 28], [1, 10], [29, 25], [27, 5], [31, 20], [3, 16], [27, 15], [2, 22], [0, 14], [28, 31], [25, 5], [27, 3], [28, 11], [2, 16], [2, 14], [28, 27], [29, 28], [23, 23], [21, 6], [26, 20], [24, 19], [19, 26], [31, 1], [30, 23], [25, 20], [23, 21], [3, 3], [27, 24], [1, 6]], "top_head_effects": [9.501284807811317e-07, 9.7627412287693e-07, 9.963217735275975e-07, 1.0903846714427345e-06, 1.2201605841255514e-06, 1.5031135944809648e-06, 1.5466656577700633e-06, 2.058621248579584e-06, 2.1675052721548127e-06, 2.227061031589983e-06, 2.557195330155082e-06, 2.6371230887889396e-06, 2.660090331119136e-06, 2.826408490363974e-06, 2.85143255496223e-06, 3.2286195619235514e-06, 3.4461186260159593e-06, 3.531384663801873e-06, 3.6015121622767765e-06, 3.739773092092946e-06, 3.7850522858207114e-06, 3.7878639886912424e-06, 3.947343884647125e-06, 3.977618234785041e-06, 4.107124368601944e-06, 4.591032393364003e-06, 4.675297532230616e-06, 4.8423075895698275e-06, 4.949471531290328e-06, 5.052579581388272e-06, 5.166764367459109e-06, 5.198894086788641e-06, 5.365875495044747e-06, 5.744052486988949e-06, 5.780904757557437e-06, 5.888726263947319e-06, 6.118280452938052e-06, 6.5149970396305434e-06, 6.581204161193455e-06, 6.668667992926203e-06, 6.690519512630999e-06, 6.697448043269105e-06, 6.957881396374432e-06, 6.996819138294086e-06, 7.04020476405276e-06, 7.212496711872518e-06, 7.236046712932875e-06, 7.306233783310745e-06, 7.331986125791445e-06, 7.4008289630000945e-06, 7.579606062790845e-06, 7.633786481164861e-06, 7.669416845601518e-06, 7.783977707731538e-06, 7.932789230835624e-06, 7.946277946757618e-06, 8.020460882107727e-06, 8.124561645672657e-06, 8.206900020013563e-06, 8.251714461948723e-06, 8.31201032269746e-06, 8.494223038724158e-06, 8.565337338950485e-06, 8.98092366696801e-06, 9.042131750902627e-06, 9.073434739548247e-06, 9.161843991023488e-06, 9.175093509838916e-06, 9.176292223855853e-06, 9.234370736521669e-06, 9.344093086838257e-06, 9.373336979479063e-06, 9.490465345152188e-06, 9.55222549237078e-06, 9.587387467036024e-06, 9.626227438275237e-06, 9.647601473261602e-06, 9.71222198131727e-06, 9.760805369296577e-06, 1.0019056389865e-05, 1.0162971193494741e-05, 1.0879657565965317e-05, 1.1017968063242733e-05, 1.1168296623509377e-05, 1.1532086318766233e-05, 1.162075022875797e-05, 1.1651820386759937e-05, 1.1877451470354572e-05, 1.1888247172464617e-05, 1.1923617421416566e-05, 1.2078075087629259e-05, 1.2132208212278783e-05, 1.2288361176615581e-05, 1.2575092114275321e-05, 1.2634941413125489e-05, 1.2690128642134368e-05, 1.3018841855227947e-05, 1.3087023035041057e-05, 1.3177689652366098e-05, 1.3213002603151836e-05]}