{"top_heads": [[16, 30], [15, 10], [24, 27], [16, 3], [15, 6], [27, 7], [17, 6], [30, 15], [31, 1], [31, 0], [31, 20], [21, 3], [31, 13], [19, 20], [16, 16], [16, 19], [31, 7], [30, 29], [31, 25], [15, 24], [21, 8], [13, 28], [20, 12], [24, 3], [14, 14], [30, 21], [25, 21], [14, 22], [27, 4], [30, 11], [9, 5], [30, 30], [30, 24], [15, 28], [18, 23], [9, 18], [26, 14], [29, 20], [28, 11], [13, 17], [31, 5], [11, 23], [27, 6], [17, 24], [14, 7], [27, 22], [17, 25], [31, 30], [8, 16], [31, 21], [26, 29], [22, 1], [13, 10], [15, 30], [18, 16], [11, 19], [24, 24], [12, 20], [9, 0], [13, 19], [25, 5], [28, 13], [19, 11], [27, 20], [17, 12], [16, 20], [30, 12], [27, 30], [13, 0], [26, 13], [22, 29], [25, 15], [22, 18], [18, 28], [30, 25], [26, 31], [13, 26], [25, 7], [26, 12], [28, 0], [12, 12], [10, 17], [24, 20], [22, 15], [27, 21], [5, 19], [29, 8], [14, 0], [25, 4], [25, 18], [20, 26], [12, 2], [25, 12], [23, 5], [24, 16], [23, 22], [21, 26], [22, 0], [8, 30], [16, 1]], "top_head_effects": [-0.004120734054595232, -0.004089279565960169, -0.003754324046894908, -0.0034910442773252726, -0.0032417154870927334, -0.0027703430969268084, -0.002725203987210989, -0.002614109544083476, -0.0025170743465423584, -0.0025169115979224443, -0.0020617865957319736, -0.0017702651675790548, -0.0017453462351113558, -0.0017169342609122396, -0.0015831415075808764, -0.0014632445527240634, -0.0014594998210668564, -0.00134979875292629, -0.0012972766999155283, -0.0012437652330845594, -0.0011845806147903204, -0.0011733262799680233, -0.0011584768071770668, -0.0011324671795591712, -0.0011059276293963194, -0.001071658218279481, -0.0010541044175624847, -0.0010352889075875282, -0.0009536453289911151, -0.0008913541096262634, -0.00087138352682814, -0.0008081497508101165, -0.0007967298151925206, -0.000790395715739578, -0.0007622736738994718, -0.0007333570392802358, -0.0006949318340048194, -0.0006938713486306369, -0.0006857289699837565, -0.000685071456246078, -0.0006734424387104809, -0.0006643051165156066, -0.0006624532979913056, -0.0006616271566599607, -0.0006371131166815758, -0.0006218318594619632, -0.0006143181235529482, -0.0006035259575583041, -0.0005981431459076703, -0.0005947599420323968, -0.000589263450819999, -0.0005576451658271253, -0.0005536332610063255, -0.0005534981028176844, -0.0005441756220534444, -0.0005441615940071642, -0.0005408251308836043, -0.0005408069118857384, -0.0005357807967811823, -0.0005356710753403604, -0.0005337733891792595, -0.0005189796211197972, -0.0005072687054052949, -0.000499470392242074, -0.000492277555167675, -0.0004846130032092333, -0.00047526019625365734, -0.0004615877696778625, -0.00046119766193442047, -0.00045105029130354524, -0.0004459737101569772, -0.0004254663363099098, -0.00042407141881994903, -0.0004213930806145072, -0.00042075791861861944, -0.0004192962951492518, -0.00041719319415278733, -0.00041480676736682653, -0.00040907750371843576, -0.00040254354826174676, -0.00040080229518935084, -0.00039581640157848597, -0.0003918119182344526, -0.00038638024125248194, -0.0003829549823421985, -0.0003743120178114623, -0.0003732025797944516, -0.00037120486376807094, -0.00036902050487697124, -0.00035795962321572006, -0.0003557576274033636, -0.00035151076735928655, -0.0003506283974274993, -0.00032335592550225556, -0.000317763740895316, -0.0003133256686851382, -0.0003131617559120059, -0.0003104529750999063, -0.00030782693647779524, -0.00030447079916484654]}