{"top_heads": [[13, 27], [15, 17], [15, 16], [16, 29], [15, 1], [21, 10], [10, 5], [16, 28], [15, 2], [15, 28], [14, 6], [21, 2], [17, 5], [17, 8], [31, 14], [11, 29], [9, 27], [10, 12], [13, 6], [14, 11], [10, 7], [15, 7], [9, 25], [22, 19], [14, 19], [26, 15], [11, 30], [30, 16], [10, 14], [14, 29], [15, 19], [21, 9], [15, 5], [28, 15], [19, 23], [13, 24], [12, 29], [27, 28], [14, 4], [13, 31], [11, 16], [16, 17], [18, 29], [15, 20], [14, 20], [15, 30], [15, 9], [12, 8], [14, 8], [13, 22], [14, 10], [12, 3], [31, 31], [12, 15], [12, 23], [12, 0], [11, 6], [12, 1], [12, 11], [13, 2], [19, 0], [25, 23], [16, 19], [20, 27], [31, 11], [11, 0], [8, 1], [16, 2], [6, 31], [13, 23], [30, 13], [14, 21], [26, 3], [22, 16], [31, 15], [20, 8], [10, 2], [18, 22], [17, 24], [10, 13], [30, 27], [11, 28], [19, 13], [28, 12], [15, 8], [14, 27], [6, 2], [15, 21], [12, 30], [11, 2], [13, 20], [13, 21], [17, 4], [9, 20], [10, 19], [11, 8], [19, 19], [31, 24], [26, 0], [31, 22]], "top_head_effects": [0.08048981428146362, 0.02917899191379547, 0.02609320543706417, 0.02272283285856247, 0.021800542250275612, 0.013700060546398163, 0.009912580251693726, 0.009216608479619026, 0.00867389515042305, 0.00790745671838522, 0.00700626103207469, 0.005475291516631842, 0.005338871385902166, 0.005338447634130716, 0.005231627728790045, 0.005124974530190229, 0.004599060397595167, 0.004422211553901434, 0.004367772489786148, 0.004226940684020519, 0.004170181229710579, 0.0041438075713813305, 0.004111272748559713, 0.0035660413559526205, 0.0033698349725455046, 0.003348584519699216, 0.0032903384417295456, 0.0031579129863530397, 0.0029831172432750463, 0.0028045568615198135, 0.0027969845104962587, 0.002386578591540456, 0.00228185229934752, 0.002216452732682228, 0.0021504496689885855, 0.0020819453056901693, 0.0020650122314691544, 0.0019709295593202114, 0.0019643448758870363, 0.0019285650923848152, 0.0019147776765748858, 0.001880108960904181, 0.0018787161679938436, 0.001857656636275351, 0.001814706134609878, 0.0018106523202732205, 0.0017269202508032322, 0.001636200468055904, 0.0015864387387409806, 0.0014667436480522156, 0.0014195189578458667, 0.001398603431880474, 0.0013594651827588677, 0.0013405802892521024, 0.0012689933646470308, 0.0012347191805019975, 0.0012107485672459006, 0.001176614430733025, 0.0011711440747603774, 0.001156589831225574, 0.0011353165609762073, 0.0011309649562463164, 0.001119218417443335, 0.0011075109941884875, 0.001103743677958846, 0.0010945923859253526, 0.001092566642910242, 0.001081786467693746, 0.00107170722912997, 0.0010714634554460645, 0.001042815507389605, 0.001014883047901094, 0.001012359163723886, 0.0010091931326314807, 0.0010017406893894076, 0.0009992581326514482, 0.0009322036639787257, 0.000919270038139075, 0.0009184477967210114, 0.000916165008675307, 0.0009024051832966506, 0.0008962000138126314, 0.0008508797618560493, 0.0008425827254541218, 0.0008363085798919201, 0.0007767328643240035, 0.000775128894019872, 0.0007683131843805313, 0.0007479852065443993, 0.0007435790612362325, 0.0007326260092668235, 0.0007289017084985971, 0.0007209702744148672, 0.0007020548800937831, 0.0006876080296933651, 0.0006758968229405582, 0.0006584964576177299, 0.0006544999778270721, 0.0006497122230939567, 0.0006440865690819919]}