{"top_heads": [[27, 17], [31, 38], [1, 1], [4, 0], [29, 14], [5, 19], [0, 36], [28, 10], [33, 15], [28, 2], [28, 29], [35, 11], [32, 20], [22, 26], [26, 32], [11, 35], [24, 15], [1, 37], [1, 36], [36, 21], [4, 28], [4, 14], [22, 15], [3, 29], [32, 29], [26, 3], [27, 2], [4, 2], [36, 14], [37, 26], [1, 28], [33, 14], [3, 16], [35, 6], [34, 13], [2, 36], [4, 6], [3, 20], [2, 39], [35, 32], [0, 34], [35, 3], [3, 25], [32, 34], [31, 18], [34, 20], [3, 31], [11, 2], [1, 5], [33, 19], [2, 20], [5, 28], [34, 27], [36, 1], [9, 38], [33, 27], [3, 1], [4, 38], [28, 36], [5, 35], [7, 12], [29, 0], [4, 5], [3, 27], [3, 37], [3, 22], [24, 31], [24, 12], [2, 19], [0, 30], [35, 35], [10, 35], [27, 3], [30, 6], [24, 33], [22, 21], [2, 24], [7, 27], [34, 14], [32, 8], [28, 35], [4, 24], [26, 28], [0, 14], [29, 38], [2, 18], [32, 28], [30, 28], [25, 6], [23, 34], [37, 3], [0, 24], [35, 2], [8, 3], [34, 26], [27, 22], [30, 22], [32, 26], [29, 11], [35, 13]], "top_head_effects": [8.600757723797869e-07, 1.64540051628137e-06, 1.7030088201863691e-06, 2.4237592697318178e-06, 2.697772515602992e-06, 2.718755922614946e-06, 2.895501438615611e-06, 3.207236886737519e-06, 4.696777978097089e-06, 4.8805386541062035e-06, 4.9888385547092184e-06, 5.019108812120976e-06, 5.363662239687983e-06, 5.592398338194471e-06, 5.726778908865526e-06, 6.197770744620357e-06, 6.2930062085797545e-06, 6.488840881502256e-06, 6.934859811735805e-06, 7.29455541659263e-06, 7.422772796417121e-06, 7.661617928533815e-06, 7.669904334761668e-06, 7.717080734437332e-06, 7.849095709389076e-06, 7.946782716317102e-06, 8.061091648414731e-06, 8.106715540634468e-06, 8.149690984282643e-06, 8.271295882877894e-06, 8.393417374463752e-06, 8.55080179462675e-06, 8.580010216974188e-06, 8.673951015225612e-06, 8.926130249164999e-06, 9.31509021029342e-06, 9.477809726377018e-06, 9.5513123596902e-06, 9.577948731021024e-06, 9.78598473011516e-06, 9.888310160022229e-06, 1.0294641469954513e-05, 1.0469300832482986e-05, 1.0634343198034912e-05, 1.0711057257140055e-05, 1.0866955562960356e-05, 1.102775968320202e-05, 1.1057110896217637e-05, 1.1127888683404308e-05, 1.1609913599386346e-05, 1.16399514809018e-05, 1.165703906735871e-05, 1.1685149729601108e-05, 1.1750525118259247e-05, 1.1869418813148513e-05, 1.1950678526773117e-05, 1.203796000481816e-05, 1.221627553604776e-05, 1.2371001503197476e-05, 1.2499091099016368e-05, 1.2626162060769275e-05, 1.3326731277629733e-05, 1.3431217666948214e-05, 1.3537112863559742e-05, 1.3669911822944414e-05, 1.4063748494663741e-05, 1.408147181791719e-05, 1.41773034556536e-05, 1.430775137123419e-05, 1.4352415746543556e-05, 1.441957283532247e-05, 1.4675176316814031e-05, 1.4782459402340464e-05, 1.4830731743131764e-05, 1.485795928601874e-05, 1.5208293007162865e-05, 1.5214258382911794e-05, 1.5214547602226958e-05, 1.5261455700965598e-05, 1.5320207239710726e-05, 1.537985008326359e-05, 1.5603711290168576e-05, 1.576571594341658e-05, 1.5860199710004963e-05, 1.595454705238808e-05, 1.616682857275009e-05, 1.6187543224077672e-05, 1.6189340385608375e-05, 1.6189744201255962e-05, 1.643722498556599e-05, 1.652734135859646e-05, 1.6559359210077673e-05, 1.6602600226178765e-05, 1.6924095689319074e-05, 1.696820072538685e-05, 1.731040538288653e-05, 1.769782647897955e-05, 1.7729136743582785e-05, 1.7755484805093147e-05, 1.799622259568423e-05]}