{"top_heads": [[0, 22], [0, 23], [0, 2], [2, 23], [23, 18], [1, 3], [0, 10], [0, 1], [21, 7], [25, 2], [2, 6], [0, 14], [1, 20], [25, 5], [1, 22], [25, 1], [0, 0], [24, 14], [0, 3], [23, 12], [0, 4], [1, 13], [0, 16], [1, 1], [25, 11], [5, 11], [25, 0], [3, 3], [3, 21], [1, 18], [1, 9], [6, 6], [25, 10], [2, 21], [0, 12], [17, 16], [17, 21], [0, 18], [2, 4], [1, 15], [2, 0], [2, 22], [5, 21], [1, 7], [0, 19], [2, 7], [22, 7], [0, 20], [22, 18], [24, 9], [23, 4], [2, 8], [27, 22], [25, 4], [21, 23], [18, 22], [1, 5], [6, 8], [18, 23], [0, 6], [21, 6], [5, 22], [22, 22], [18, 4], [2, 2], [22, 6], [22, 20], [21, 3], [21, 4], [15, 21], [6, 23], [1, 16], [6, 13], [1, 11], [25, 14], [25, 12], [5, 0], [22, 0], [23, 19], [1, 10], [4, 12], [0, 15], [6, 7], [3, 4], [24, 13], [2, 11], [25, 16], [3, 1], [3, 2], [0, 9], [22, 19], [1, 2], [4, 22], [1, 12], [5, 1], [7, 10], [3, 5], [0, 13], [2, 9], [24, 20]], "top_head_effects": [5.836506389300666e-09, 2.2964073309594824e-08, 6.253685569390655e-07, 1.5950647593854228e-06, 1.7632142998991185e-06, 1.8082967017107876e-06, 2.2627145881415345e-06, 2.3469854113500332e-06, 2.376660177105805e-06, 2.4809155547700357e-06, 2.529842731746612e-06, 2.8219574232934974e-06, 2.901446578107425e-06, 3.2240986911347136e-06, 3.736328835657332e-06, 3.7672166399715934e-06, 3.901917352777673e-06, 4.0092745621223e-06, 4.1926168705685996e-06, 4.4681992221740074e-06, 5.0686003305600025e-06, 5.1438482842058875e-06, 5.359989245334873e-06, 5.614876499748789e-06, 5.664865057042334e-06, 5.6926246543298475e-06, 5.755391157435952e-06, 5.879381660633953e-06, 5.885394784854725e-06, 5.901216809434118e-06, 5.9084554777655285e-06, 6.206085345183965e-06, 6.381490493367892e-06, 6.440717243094696e-06, 6.748219220753526e-06, 6.848381417512428e-06, 7.055072273942642e-06, 7.344704499701038e-06, 7.379502676485572e-06, 7.38323115001549e-06, 8.008368240552954e-06, 8.083437933237292e-06, 8.22607944428455e-06, 8.332664037880022e-06, 8.546705430489965e-06, 8.829434591461904e-06, 9.083948498300742e-06, 9.16411772777792e-06, 9.681285519036464e-06, 9.830313501879573e-06, 9.920848242472857e-06, 1.0060925887955818e-05, 1.0132219358638395e-05, 1.0295766514900606e-05, 1.039341623254586e-05, 1.0427349479869008e-05, 1.0769804248411674e-05, 1.0854926586034708e-05, 1.1332796930219047e-05, 1.1592057489906438e-05, 1.1871554306708276e-05, 1.2189054359623697e-05, 1.2215005881444085e-05, 1.2518543371697888e-05, 1.2692565178440418e-05, 1.2831762433052063e-05, 1.33691382870893e-05, 1.3684202713193372e-05, 1.3855870747647714e-05, 1.4058245142223313e-05, 1.41221571539063e-05, 1.4210879271558952e-05, 1.4524415746564046e-05, 1.4549295883625746e-05, 1.5171613995335065e-05, 1.5230535609589424e-05, 1.5456056644325145e-05, 1.580633943376597e-05, 1.589192652318161e-05, 1.599686947884038e-05, 1.611000334378332e-05, 1.6337957276846282e-05, 1.7729533283272758e-05, 1.8109816664946266e-05, 1.8550006643636152e-05, 1.870997039077338e-05, 1.925170363392681e-05, 1.9465038349153474e-05, 2.0144694644841366e-05, 2.0350100385257974e-05, 2.0890027371933684e-05, 2.1483931050170213e-05, 2.2333424567477778e-05, 2.2781034203944728e-05, 2.299509651493281e-05, 2.3164102458395064e-05, 2.379101533733774e-05, 2.4625682272017002e-05, 2.4643848519190215e-05, 2.5060016923816875e-05]}