{"top_heads": [[16, 30], [15, 18], [10, 6], [13, 25], [12, 12], [19, 20], [14, 7], [15, 6], [24, 3], [18, 4], [16, 3], [21, 3], [12, 20], [16, 16], [15, 10], [17, 6], [24, 27], [13, 26], [20, 12], [13, 28], [14, 23], [31, 1], [18, 23], [12, 14], [18, 16], [31, 20], [14, 5], [13, 17], [14, 28], [14, 16], [16, 9], [31, 13], [16, 31], [31, 25], [17, 23], [14, 24], [30, 24], [29, 24], [11, 7], [22, 18], [10, 0], [25, 21], [12, 4], [11, 19], [12, 31], [10, 10], [16, 0], [16, 21], [15, 3], [17, 25], [20, 1], [30, 15], [24, 26], [28, 13], [9, 12], [22, 28], [21, 26], [11, 4], [8, 19], [27, 23], [18, 28], [26, 13], [18, 10], [13, 0], [11, 24], [11, 23], [27, 22], [11, 25], [14, 9], [25, 17], [14, 31], [16, 8], [9, 28], [24, 24], [13, 13], [17, 24], [16, 1], [21, 24], [28, 11], [29, 9], [27, 4], [27, 20], [13, 4], [27, 7], [31, 3], [29, 10], [26, 14], [21, 8], [13, 10], [22, 15], [10, 4], [19, 25], [17, 9], [27, 30], [23, 5], [26, 31], [26, 12], [15, 11], [11, 3], [13, 16]], "top_head_effects": [-0.018456466495990753, -0.009394022636115551, -0.008448682725429535, -0.006974773481488228, -0.004735515918582678, -0.004726040177047253, -0.004477845039218664, -0.0043065473437309265, -0.00423877639696002, -0.0038008426781743765, -0.0037568332627415657, -0.0037551033310592175, -0.003608710365369916, -0.003224913962185383, -0.003111073048785329, -0.0029012239538133144, -0.0026968256570398808, -0.0022849736269563437, -0.0019572065211832523, -0.0019260693807154894, -0.001907580066472292, -0.0018897423287853599, -0.0018447061302140355, -0.001779410638846457, -0.0017373072914779186, -0.001727069728076458, -0.0016774891410022974, -0.0016143217217177153, -0.001583191566169262, -0.0015488042263314128, -0.0015108573716133833, -0.0014078952372074127, -0.0014027488650754094, -0.0013587864814326167, -0.0013285554014146328, -0.0012347084702923894, -0.0011206294875591993, -0.001104454742744565, -0.0010743794264271855, -0.001071167760528624, -0.0010049556149169803, -0.0009914771653711796, -0.0009735813946463168, -0.0009685706463642418, -0.000967998756095767, -0.0009664113749749959, -0.0008652404067106545, -0.0008622864843346179, -0.000839094805996865, -0.000821197871118784, -0.0007593173650093377, -0.0007574867340736091, -0.0007574327173642814, -0.0007212090422399342, -0.0007162485271692276, -0.000714979600161314, -0.0007132118917070329, -0.0007066587568260729, -0.0006901316810399294, -0.0006772303022444248, -0.0006761723780073225, -0.0006612500292249024, -0.0006500030285678804, -0.0006442309822887182, -0.0006273716571740806, -0.000607068301178515, -0.0006007818155921996, -0.0005941514391452074, -0.0005922160926274955, -0.0005721270572394133, -0.0005694421124644578, -0.0005660323658958077, -0.0005596443661488593, -0.0005579250282607973, -0.0005535103264264762, -0.0005499208346009254, -0.000533273268956691, -0.0005185443442314863, -0.0005124000017531216, -0.0005123283481225371, -0.0005119720008224249, -0.0004824615898542106, -0.00047900635399855673, -0.00047296888078562915, -0.0004646998131647706, -0.0004533763276413083, -0.00045320618664845824, -0.0004521582159213722, -0.0004250406345818192, -0.00042311835568398237, -0.00042175964335910976, -0.0004186272562947124, -0.0004091019800398499, -0.00040707873995415866, -0.00039790442679077387, -0.00039705735980533063, -0.0003958721354138106, -0.00039385486161336303, -0.00038914053584448993, -0.00038634895463474095]}