{"top_heads": [[9, 8], [7, 28], [7, 5], [7, 30], [9, 16], [7, 6], [10, 16], [7, 9], [9, 7], [10, 15], [8, 31], [8, 22], [8, 6], [10, 18], [9, 18], [12, 3], [9, 13], [10, 23], [15, 12], [8, 11], [9, 10], [10, 27], [9, 27], [13, 23], [10, 20], [5, 11], [6, 4], [8, 23], [11, 4], [14, 16], [8, 12], [9, 9], [15, 5], [10, 21], [15, 15], [15, 2], [11, 8], [8, 27], [13, 11], [15, 28], [8, 9], [8, 19], [14, 13], [9, 26], [8, 29], [14, 25], [9, 24], [8, 10], [7, 11], [9, 4], [10, 26], [7, 25], [5, 10], [14, 0], [12, 15], [9, 15], [11, 21], [8, 20], [11, 9], [14, 8], [8, 4], [5, 23], [11, 24], [7, 2], [8, 14], [7, 13], [15, 18], [9, 29], [8, 3], [14, 4], [9, 1], [9, 14], [8, 8], [8, 15], [12, 9], [10, 11], [9, 5], [14, 19], [15, 24], [6, 16], [6, 30], [7, 26], [6, 11], [9, 17], [9, 20], [12, 25], [14, 27], [15, 11], [8, 1], [5, 18], [11, 11], [8, 13], [6, 8], [6, 22], [2, 14], [15, 14], [8, 25], [15, 23], [12, 18], [15, 8]], "top_head_effects": [0.0832567885518074, 0.06357701122760773, 0.050684645771980286, 0.03764912113547325, 0.037011969834566116, 0.02394161745905876, 0.023853518068790436, 0.01423847395926714, 0.010085898451507092, 0.0068043251521885395, 0.00678819278255105, 0.006295223720371723, 0.0059981802478432655, 0.00559557881206274, 0.005417099222540855, 0.005042682401835918, 0.004957789089530706, 0.004786848556250334, 0.004764040000736713, 0.004759599454700947, 0.004611062817275524, 0.004531996324658394, 0.004433786496520042, 0.003854659851640463, 0.003722606925293803, 0.0036641545593738556, 0.00336544681340456, 0.003222929546609521, 0.0032053308095782995, 0.002948864595964551, 0.0029050391167402267, 0.002814563922584057, 0.002806776436045766, 0.0026743453927338123, 0.0026129232719540596, 0.0025809912476688623, 0.002492965431883931, 0.002416534349322319, 0.002393232425674796, 0.0023282780312001705, 0.002228737575933337, 0.002228530589491129, 0.002088741632178426, 0.002077996963635087, 0.002046826761215925, 0.0020420916844159365, 0.0019962082151323557, 0.0019544854294508696, 0.0017653058748692274, 0.0017343525541946292, 0.0016409700037911534, 0.0016392532270401716, 0.00162503682076931, 0.0016197729855775833, 0.0016184936976060271, 0.0015770952450111508, 0.0015493736136704683, 0.0015423187287524343, 0.0015414714580401778, 0.001510141883045435, 0.0013793566031381488, 0.0013250653864815831, 0.0013077264884486794, 0.0012469441862776875, 0.0012329344172030687, 0.001219362486153841, 0.0011604635510593653, 0.0011003636755049229, 0.0010981792584061623, 0.0010628130985423923, 0.0010172883048653603, 0.0009672120213508606, 0.0009179174667224288, 0.0008311226847581565, 0.0008294635335914791, 0.0008071338525041938, 0.000804951589088887, 0.0007967136334627867, 0.0007566894637420774, 0.0007514702738262713, 0.0007304423488676548, 0.0007304370519705117, 0.0007170942844823003, 0.00070554408011958, 0.0006300248787738383, 0.000591233023442328, 0.0005868239095434546, 0.0005754900048486888, 0.0005717930034734309, 0.0005666275974363089, 0.0005584967439062893, 0.0005309319240041077, 0.0005043835262767971, 0.0004928624257445335, 0.00048733747098594904, 0.00047677112161181867, 0.000439595925854519, 0.0004339523729868233, 0.0004259763809386641, 0.0003926416393369436]}