{"top_heads": [[9, 4], [9, 3], [8, 12], [10, 9], [9, 7], [15, 12], [10, 16], [8, 20], [9, 24], [8, 13], [10, 22], [10, 26], [12, 15], [11, 9], [11, 23], [9, 2], [10, 18], [9, 13], [12, 3], [14, 4], [7, 27], [13, 11], [11, 8], [8, 22], [15, 11], [7, 8], [6, 31], [8, 24], [6, 12], [10, 8], [10, 27], [6, 15], [9, 20], [15, 2], [8, 25], [9, 21], [7, 15], [15, 5], [11, 4], [2, 19], [6, 24], [13, 9], [8, 2], [8, 7], [9, 15], [13, 23], [8, 3], [9, 5], [15, 15], [7, 14], [10, 13], [8, 5], [2, 5], [6, 22], [7, 11], [13, 30], [10, 25], [8, 9], [7, 23], [15, 28], [12, 0], [7, 21], [15, 24], [9, 23], [14, 27], [7, 26], [14, 5], [8, 8], [2, 10], [7, 18], [12, 23], [9, 14], [7, 7], [14, 14], [9, 0], [7, 16], [9, 29], [6, 20], [6, 6], [15, 26], [11, 12], [12, 28], [8, 11], [12, 17], [12, 9], [9, 19], [14, 6], [3, 22], [8, 0], [10, 4], [4, 10], [4, 22], [4, 1], [6, 19], [15, 18], [1, 31], [12, 27], [11, 2], [8, 1], [0, 21]], "top_head_effects": [0.017077207565307617, 0.007788341026753187, 0.007523366715759039, 0.007363150827586651, 0.007052738685160875, 0.006999667268246412, 0.006819645408540964, 0.0057987030595541, 0.005415793042629957, 0.005115710664540529, 0.004906155169010162, 0.004785115830600262, 0.004741741344332695, 0.003943795338273048, 0.0039214263670146465, 0.003671088023111224, 0.003618264803662896, 0.0035566105507314205, 0.003504634601995349, 0.003490124363452196, 0.003356512635946274, 0.003032765118405223, 0.0029563496354967356, 0.0029058160725980997, 0.0028350187931209803, 0.002360909478738904, 0.0023507759906351566, 0.0023185578174889088, 0.0023151286877691746, 0.0021466384641826153, 0.002144632628187537, 0.0021372924093157053, 0.0021235726308077574, 0.0020954199135303497, 0.0020457685459405184, 0.0020317474845796824, 0.0019165839767083526, 0.0018684237729758024, 0.0017439569346606731, 0.0017157753463834524, 0.0016854300629347563, 0.0015984091442078352, 0.0015737961512058973, 0.001559056923724711, 0.0014999211998656392, 0.001446656184270978, 0.0014244396006688476, 0.0013965026009827852, 0.0013957418268546462, 0.0013494533486664295, 0.0013210396282374859, 0.0013097994960844517, 0.0012579970061779022, 0.0012467913329601288, 0.001223179162479937, 0.0012199939228594303, 0.001218542456626892, 0.0011134736705571413, 0.0011090281186625361, 0.0010975416516885161, 0.0010916009778156877, 0.0010901204077526927, 0.0010845960350707173, 0.0010503062512725592, 0.001016105874441564, 0.0010129441507160664, 0.0009684371761977673, 0.000964981154538691, 0.0009522022446617484, 0.0009516465943306684, 0.0009209844865836203, 0.0008678196463733912, 0.0008498543757013977, 0.0008491069311276078, 0.0008337307372130454, 0.0008300695335492492, 0.0008109644404612482, 0.0007703552255406976, 0.0007482509827241302, 0.0007473748992197216, 0.0007349343504756689, 0.00069473433541134, 0.0006751950713805854, 0.0006441885489039123, 0.0006303098052740097, 0.0006022424204275012, 0.0006006556795910001, 0.0005936757661402225, 0.0005897700903005898, 0.0005665114731527865, 0.0005633147666230798, 0.0005621690070256591, 0.0005416842759586871, 0.0005334159359335899, 0.0005254606367088854, 0.000511100166477263, 0.0004988651489838958, 0.0004965299740433693, 0.0004962997627444565, 0.0004935789038427174]}