{"top_heads": [[19, 36], [14, 39], [15, 2], [15, 39], [16, 9], [13, 14], [14, 8], [16, 2], [16, 39], [15, 25], [17, 30], [14, 10], [19, 13], [13, 17], [14, 27], [16, 32], [21, 7], [19, 6], [39, 7], [15, 29], [34, 6], [39, 13], [17, 4], [13, 12], [19, 33], [20, 11], [16, 19], [13, 0], [17, 3], [18, 26], [15, 4], [13, 10], [14, 21], [21, 39], [17, 19], [12, 5], [16, 1], [21, 32], [12, 24], [18, 22], [20, 12], [17, 37], [15, 7], [14, 31], [14, 28], [15, 19], [13, 9], [35, 29], [15, 37], [17, 9], [36, 7], [14, 18], [10, 31], [11, 16], [21, 2], [14, 22], [25, 25], [18, 19], [16, 3], [13, 21], [39, 20], [14, 37], [17, 2], [18, 16], [16, 21], [16, 10], [38, 8], [14, 5], [16, 5], [35, 16], [22, 1], [22, 10], [13, 22], [17, 7], [15, 16], [23, 36], [26, 24], [14, 20], [37, 11], [15, 0], [12, 9], [26, 35], [18, 17], [12, 35], [14, 13], [21, 30], [12, 26], [35, 10], [16, 16], [16, 7], [14, 0], [15, 33], [33, 1], [21, 31], [38, 19], [36, 11], [15, 3], [23, 14], [16, 34], [8, 36]], "top_head_effects": [0.02033412829041481, 0.0104400385171175, 0.00970865972340107, 0.007992295548319817, 0.007147215306758881, 0.006452179979532957, 0.006363671738654375, 0.005899468436837196, 0.005793392658233643, 0.005738001316785812, 0.005062205251306295, 0.004737769719213247, 0.0046374741941690445, 0.004248538054525852, 0.0041487691923975945, 0.004134178627282381, 0.00411410816013813, 0.004109859466552734, 0.004102690145373344, 0.004084717482328415, 0.004083684645593166, 0.003941965755075216, 0.0037425949703902006, 0.003604752477258444, 0.00355966086499393, 0.00335796014405787, 0.003349331906065345, 0.0031481694895774126, 0.002956680255010724, 0.002891282783821225, 0.0028726542368531227, 0.0028270981274545193, 0.002729090629145503, 0.0027195317670702934, 0.0025689443573355675, 0.002537524327635765, 0.0023783997166901827, 0.0023113759234547615, 0.0023013625759631395, 0.0022650130558758974, 0.002242341870442033, 0.0021718963980674744, 0.0021276872139424086, 0.0020374783780425787, 0.002028577495366335, 0.002019507810473442, 0.002019462175667286, 0.0019665274303406477, 0.0018630529521033168, 0.0018563502235338092, 0.0018553498666733503, 0.0018458759877830744, 0.0017952782800421119, 0.0017229248769581318, 0.0016954008024185896, 0.0016940656350925565, 0.0016760022845119238, 0.0016667615855112672, 0.0016618596855551004, 0.0016565033001825213, 0.0016560271615162492, 0.0015932099195197225, 0.0015867907786741853, 0.0015409862389788032, 0.0014714481076225638, 0.0014590787468478084, 0.0014289201935753226, 0.0014093273784965277, 0.0014061466790735722, 0.0014039030065760016, 0.0013955007307231426, 0.0013796346029266715, 0.0013264636509120464, 0.001304386300034821, 0.0012964903144165874, 0.0012790232431143522, 0.0012600166955962777, 0.001250560162588954, 0.0012327437289059162, 0.0012047915952280164, 0.0012026495533064008, 0.0011990645434707403, 0.0011959177209064364, 0.0011824641842395067, 0.0011346410028636456, 0.001103212940506637, 0.0010820789029821754, 0.0010817903093993664, 0.0010479241609573364, 0.0010313870152458549, 0.0010238206014037132, 0.0010044522350654006, 0.0010042994981631637, 0.0009826746536418796, 0.0009814237710088491, 0.0009644654346629977, 0.0009575348813086748, 0.0009556665900163352, 0.0009386337478645146, 0.0009302840917371213]}