{"top_heads": [[19, 4], [26, 25], [15, 2], [31, 16], [16, 24], [18, 30], [14, 0], [15, 1], [20, 10], [17, 0], [13, 19], [15, 26], [1, 8], [14, 5], [31, 25], [19, 12], [29, 15], [29, 19], [17, 8], [16, 14], [11, 4], [12, 18], [19, 13], [12, 26], [16, 22], [15, 29], [24, 14], [16, 31], [13, 24], [17, 6], [21, 30], [14, 23], [12, 19], [14, 15], [29, 9], [17, 5], [20, 0], [13, 5], [24, 29], [19, 15], [16, 30], [25, 26], [9, 24], [24, 30], [19, 1], [29, 10], [29, 13], [8, 0], [18, 28], [23, 29], [14, 4], [9, 11], [31, 30], [17, 22], [20, 28], [22, 30], [14, 1], [10, 14], [23, 7], [6, 11], [28, 25], [17, 29], [22, 19], [10, 13], [10, 27], [26, 26], [9, 12], [17, 1], [30, 14], [23, 20], [18, 14], [29, 21], [9, 18], [5, 13], [22, 27], [15, 14], [13, 27], [7, 25], [19, 18], [20, 14], [23, 28], [16, 19], [20, 30], [21, 16], [7, 29], [20, 3], [5, 30], [9, 15], [20, 16], [24, 17], [25, 17], [25, 7], [18, 5], [6, 21], [26, 27], [20, 1], [15, 12], [11, 19], [5, 7], [12, 8]], "top_head_effects": [-0.004572743084281683, -0.0037877378053963184, -0.002759381663054228, -0.0026473896577954292, -0.0025644670240581036, -0.002293959492817521, -0.0020072448533028364, -0.0019663593266159296, -0.0018656370230019093, -0.001808042055927217, -0.0017895263154059649, -0.0017323049250990152, -0.001669726800173521, -0.00165000488050282, -0.0015284708933904767, -0.0015115869464352727, -0.0014856609050184488, -0.0014713933924213052, -0.0013965955004096031, -0.0013618990778923035, -0.0013314008247107267, -0.0013142907992005348, -0.0012437190162017941, -0.001229747082106769, -0.001229356275871396, -0.0012269550934433937, -0.0012076119892299175, -0.0011830133153125644, -0.0011615377152338624, -0.0011608859058469534, -0.001067349105142057, -0.0010592570761218667, -0.0010392653057351708, -0.0010392232798039913, -0.0010223155841231346, -0.001015054527670145, -0.0009636110044084489, -0.0009458883432671428, -0.0009443392627872527, -0.0009339603129774332, -0.0008903916459530592, -0.0008789050625637174, -0.0008519116090610623, -0.0008495950023643672, -0.0008336090249940753, -0.0008279692265205085, -0.0008269360405392945, -0.0008128164918161929, -0.000801996560767293, -0.0007932341541163623, -0.0007842859486117959, -0.0007632531342096627, -0.0007583816186524928, -0.0007492649019695818, -0.0007427436066791415, -0.0007389751262962818, -0.0007292948430404067, -0.0007277819095179439, -0.0007261873688548803, -0.0007077964255586267, -0.0007061965297907591, -0.0007054650923237205, -0.0006629179697483778, -0.0006406203610822558, -0.0006374180084094405, -0.0006319624371826649, -0.0006252719322219491, -0.0006215189932845533, -0.0005882330005988479, -0.0005801262450404465, -0.0005717042367905378, -0.0005714986473321915, -0.0005629052757285535, -0.0005373233580030501, -0.0005365787073969841, -0.0005117477267049253, -0.0005066450103186071, -0.0005035286885686219, -0.0004920295323245227, -0.0004880725755356252, -0.00048193614929914474, -0.00047244271263480186, -0.00046629944699816406, -0.00045839790254831314, -0.00045752915320917964, -0.0004557004140224308, -0.0004545039846561849, -0.000451332627562806, -0.0004258015542291105, -0.0004199242976028472, -0.0004083836101926863, -0.0003956742293667048, -0.00039318884955719113, -0.00036956524127162993, -0.0003691516467370093, -0.00036771889426745474, -0.0003510784881655127, -0.00034465326461941004, -0.000336770637659356, -0.000335893826559186]}