{"top_heads": [[13, 27], [15, 17], [15, 16], [16, 29], [15, 1], [21, 10], [10, 5], [16, 28], [15, 2], [15, 28], [14, 6], [31, 14], [17, 5], [17, 8], [11, 29], [21, 2], [10, 12], [9, 27], [14, 11], [9, 25], [10, 7], [15, 7], [13, 6], [30, 16], [11, 30], [22, 19], [14, 19], [26, 15], [10, 14], [15, 19], [14, 29], [21, 9], [15, 5], [28, 15], [13, 24], [18, 29], [15, 20], [19, 23], [14, 4], [12, 8], [11, 16], [27, 28], [16, 17], [14, 8], [13, 31], [31, 31], [15, 30], [31, 11], [12, 29], [14, 20], [13, 22], [18, 22], [16, 19], [15, 9], [14, 21], [12, 0], [12, 3], [25, 23], [30, 13], [19, 0], [12, 23], [12, 15], [14, 10], [8, 1], [16, 2], [11, 0], [31, 15], [13, 2], [13, 23], [20, 8], [22, 16], [20, 27], [11, 6], [12, 1], [6, 31], [10, 13], [11, 2], [26, 3], [12, 11], [19, 13], [13, 20], [28, 12], [9, 20], [12, 30], [31, 0], [14, 12], [11, 28], [10, 2], [17, 18], [28, 20], [14, 27], [17, 24], [30, 27], [6, 2], [13, 21], [18, 20], [31, 24], [28, 10], [17, 4], [19, 19]], "top_head_effects": [0.07742554694414139, 0.030367648229002953, 0.02583439089357853, 0.02176438271999359, 0.02100866287946701, 0.01304844580590725, 0.009919699281454086, 0.00860514771193266, 0.008187654428184032, 0.007774858269840479, 0.006603342015296221, 0.005869854707270861, 0.005102759227156639, 0.005062345415353775, 0.004952691961079836, 0.004929761402308941, 0.004274091217666864, 0.004194498527795076, 0.004070204216986895, 0.00404432974755764, 0.0038884561508893967, 0.0038863392546772957, 0.0036987783387303352, 0.0036350679583847523, 0.0034353751689195633, 0.003267039079219103, 0.002940076170489192, 0.002727830084040761, 0.002699237549677491, 0.0026774806901812553, 0.0026298095472157, 0.0023807561956346035, 0.0023795280139893293, 0.0021279153879731894, 0.0020149052143096924, 0.0020140258129686117, 0.002001202432438731, 0.001965756993740797, 0.001930092228576541, 0.0018457310507073998, 0.0018394370563328266, 0.0018187284003943205, 0.0017459840746596456, 0.001569450250826776, 0.0015645291423425078, 0.0015605833614245057, 0.0015441594878211617, 0.001513133873231709, 0.0014462347608059645, 0.00136343773920089, 0.0013621569378301501, 0.0013114437460899353, 0.001263695303350687, 0.0012568365782499313, 0.001256361836567521, 0.0012481285957619548, 0.0012473691022023559, 0.0012148008681833744, 0.0011789946584030986, 0.0011483749840408564, 0.0011474883649498224, 0.001131282071582973, 0.0011069313623011112, 0.0010685452725738287, 0.0010676743695512414, 0.0010672608623281121, 0.0010664864676073194, 0.0010512940352782607, 0.0009910942753776908, 0.0009837901452556252, 0.000976984272710979, 0.0009564526844769716, 0.000932929222472012, 0.000912342278752476, 0.0008944857981987298, 0.000889343093149364, 0.0008158504497259855, 0.0008094780496321619, 0.0008072956115938723, 0.000800332345534116, 0.0007885462837293744, 0.0007676039240323007, 0.0007614459027536213, 0.0007535003824159503, 0.0007530420552939177, 0.0007372993277385831, 0.000688680331222713, 0.0006751017645001411, 0.0006645530229434371, 0.0006616924074478447, 0.0006616798928007483, 0.0006504167686216533, 0.0006463781464844942, 0.0006437910487875342, 0.000642521888948977, 0.0006419479614123702, 0.000634895171970129, 0.0006296825013123453, 0.000621883780695498, 0.0006079953745938838]}