{"top_heads": [[14, 9], [16, 10], [15, 17], [15, 5], [16, 2], [12, 0], [15, 19], [19, 27], [14, 3], [14, 27], [15, 24], [18, 26], [14, 28], [18, 31], [12, 11], [16, 3], [17, 19], [26, 28], [17, 18], [13, 30], [31, 26], [19, 16], [14, 30], [12, 12], [27, 29], [30, 31], [11, 22], [31, 3], [12, 1], [13, 2], [27, 7], [9, 0], [20, 20], [13, 1], [31, 4], [18, 10], [26, 30], [15, 22], [12, 6], [26, 9], [28, 13], [18, 9], [16, 7], [14, 14], [28, 21], [16, 5], [15, 8], [30, 7], [22, 17], [18, 13], [9, 2], [15, 10], [13, 13], [14, 26], [19, 2], [11, 7], [30, 10], [14, 19], [14, 12], [30, 5], [11, 28], [12, 27], [16, 0], [14, 29], [12, 24], [13, 10], [11, 30], [13, 18], [22, 26], [29, 4], [29, 8], [16, 28], [9, 20], [15, 9], [12, 4], [14, 16], [15, 4], [22, 25], [28, 14], [10, 19], [17, 13], [17, 30], [12, 25], [14, 2], [15, 25], [28, 7], [15, 13], [18, 4], [31, 22], [18, 0], [25, 23], [11, 29], [9, 5], [9, 31], [10, 31], [13, 22], [7, 21], [12, 30], [10, 4], [22, 7]], "top_head_effects": [0.021260354667901993, 0.015298960730433464, 0.009572906419634819, 0.006570326630026102, 0.005935970228165388, 0.00570551585406065, 0.005603721830993891, 0.0054532550275325775, 0.005353180225938559, 0.0046972124837338924, 0.004537636414170265, 0.004495538771152496, 0.004356912802904844, 0.0043200235813856125, 0.00430623022839427, 0.003887991653755307, 0.003615685971453786, 0.003412998281419277, 0.0033793787006288767, 0.003366293152794242, 0.0033451695926487446, 0.0033161502797156572, 0.003194389631971717, 0.002797174733132124, 0.002786454511806369, 0.002688006730750203, 0.002634122734889388, 0.002629020484164357, 0.002587733557447791, 0.002506466116756201, 0.0024202351924031973, 0.0023729223757982254, 0.0023654259275645018, 0.002340776612982154, 0.0023302659392356873, 0.0022015394642949104, 0.0021281358785927296, 0.0020320392213761806, 0.0020306056831032038, 0.0019435756839811802, 0.0019362305756658316, 0.0019198115915060043, 0.0019151471788063645, 0.0018241213401779532, 0.0017507780576124787, 0.001722322660498321, 0.0017140686977654696, 0.001705741509795189, 0.0016638030065223575, 0.0015451645012944937, 0.0015095898415893316, 0.001487648580223322, 0.0014575279783457518, 0.0013959311181679368, 0.0013872903073206544, 0.0013862083433195949, 0.0013606952270492911, 0.0012905128533020616, 0.0012580141192302108, 0.0012493727263063192, 0.0012480237055569887, 0.0012428929330781102, 0.0012370450422167778, 0.0012160874903202057, 0.0011708396486938, 0.0011571142822504044, 0.0011517039965838194, 0.0011510474141687155, 0.0011483462294563651, 0.0011408228892832994, 0.0011394228786230087, 0.001137251267209649, 0.0011307678651064634, 0.0011247635120525956, 0.001092426711693406, 0.0010747768683359027, 0.0010654248762875795, 0.0010415313299745321, 0.0010249789338558912, 0.0010206315200775862, 0.0010049691190943122, 0.0009887315100058913, 0.0009572532144375145, 0.0009126505465246737, 0.0009006806067191064, 0.0008931218762882054, 0.0008819212671369314, 0.0008805334218777716, 0.0008752726134844124, 0.0008672149269841611, 0.0008651831885799766, 0.0008485494181513786, 0.0008338463376276195, 0.0008316474268212914, 0.000819722714368254, 0.000779774272814393, 0.0007626042934134603, 0.0007608835585415363, 0.0007488875417038798, 0.0007382255280390382]}