{"top_heads": [[14, 15], [13, 24], [14, 0], [17, 22], [16, 24], [17, 6], [10, 18], [14, 31], [10, 12], [14, 23], [13, 5], [19, 4], [15, 2], [13, 31], [20, 10], [25, 19], [18, 30], [10, 1], [15, 21], [15, 29], [11, 4], [17, 8], [16, 14], [11, 6], [17, 18], [19, 17], [13, 3], [14, 20], [13, 9], [31, 16], [15, 1], [12, 7], [12, 19], [19, 8], [13, 14], [29, 14], [29, 5], [9, 6], [20, 14], [20, 28], [23, 29], [11, 10], [31, 30], [31, 27], [11, 29], [24, 14], [16, 2], [17, 25], [8, 14], [11, 21], [13, 22], [14, 25], [8, 16], [13, 27], [16, 5], [17, 11], [11, 9], [12, 13], [26, 25], [9, 19], [27, 17], [21, 15], [17, 29], [26, 23], [16, 27], [19, 1], [18, 9], [19, 21], [31, 25], [21, 30], [18, 28], [22, 30], [8, 22], [21, 9], [19, 6], [11, 19], [16, 18], [10, 3], [20, 22], [15, 22], [15, 12], [19, 13], [24, 11], [23, 20], [19, 9], [9, 20], [25, 26], [23, 7], [20, 18], [21, 16], [20, 12], [20, 3], [24, 30], [18, 22], [21, 28], [8, 9], [24, 16], [29, 19], [31, 5], [17, 0]], "top_head_effects": [-0.006637932267040014, -0.004098073113709688, -0.0036341440863907337, -0.0025814480613917112, -0.0025169504806399345, -0.00218259752728045, -0.002102433703839779, -0.001877164700999856, -0.0018655637977644801, -0.0016572180902585387, -0.0015938201686367393, -0.0015643680235370994, -0.0014893257757648826, -0.001294435583986342, -0.0011143976589664817, -0.001105389790609479, -0.0009922259487211704, -0.000980168697424233, -0.0009264136315323412, -0.0008853960316628218, -0.0008835646440275013, -0.0008539020200259984, -0.0008494086796417832, -0.0008117870893329382, -0.0007937962072901428, -0.000785588170401752, -0.0007722427835687995, -0.0007018456817604601, -0.0006725152488797903, -0.000664927123580128, -0.0006623449735343456, -0.0006549230311065912, -0.0006130295805633068, -0.0006056062993593514, -0.0005535224336199462, -0.0005086377495899796, -0.0005079706897959113, -0.000500777387060225, -0.0004860859480686486, -0.0004670744820032269, -0.00045313601731322706, -0.00044992685434408486, -0.0004364052729215473, -0.0004315054102335125, -0.0004314675461500883, -0.00039768527494743466, -0.0003924966149497777, -0.00038728854269720614, -0.0003752060583792627, -0.00037264355341903865, -0.00036964245373383164, -0.0003593226138036698, -0.00035475887125357985, -0.0003430705110076815, -0.0003411312063690275, -0.00032556505175307393, -0.00031456045689992607, -0.0003024587349500507, -0.0002925369772128761, -0.0002914666256401688, -0.00028506017406471074, -0.00027821018011309206, -0.0002772034495137632, -0.0002701643097680062, -0.00026578601682558656, -0.0002545638126321137, -0.0002541914873290807, -0.00025248798192478716, -0.00023816012253519148, -0.00023109710309654474, -0.00022929073020350188, -0.0002270482509629801, -0.0002248910313937813, -0.00022403518960345536, -0.00022273296781349927, -0.0002183795877499506, -0.00021805573487654328, -0.00021609019313473254, -0.0002150927175534889, -0.00021475758694577962, -0.00021418136020656675, -0.000205707096029073, -0.00020380936621222645, -0.00019953072478529066, -0.000193328844034113, -0.00019240551046095788, -0.0001882990327430889, -0.0001878432958619669, -0.00018664907838683575, -0.00018542620819061995, -0.00018071620434056967, -0.00017973962530959398, -0.00017785394447855651, -0.00017556754755787551, -0.00017484569980297238, -0.00017056761134881526, -0.00016445893561467528, -0.00016271820641122758, -0.00016122666420415044, -0.000157703529112041]}