{"top_heads": [[9, 8], [7, 28], [7, 5], [9, 16], [7, 30], [10, 16], [7, 6], [7, 9], [9, 7], [10, 23], [8, 31], [8, 23], [10, 20], [10, 27], [10, 18], [8, 11], [12, 3], [9, 18], [9, 13], [10, 15], [11, 8], [13, 11], [15, 12], [8, 22], [13, 23], [9, 10], [15, 5], [8, 6], [6, 4], [8, 10], [14, 16], [5, 11], [9, 27], [11, 9], [7, 25], [8, 29], [8, 27], [15, 15], [10, 26], [8, 19], [7, 11], [9, 9], [9, 24], [15, 2], [8, 12], [14, 27], [11, 4], [8, 9], [9, 1], [9, 4], [7, 13], [15, 28], [9, 5], [8, 4], [8, 5], [9, 26], [11, 24], [14, 4], [8, 14], [8, 3], [14, 8], [9, 15], [5, 10], [9, 22], [9, 29], [8, 21], [7, 2], [9, 14], [11, 21], [8, 15], [12, 9], [14, 19], [5, 23], [14, 25], [14, 13], [10, 11], [7, 24], [10, 21], [15, 24], [13, 9], [12, 15], [15, 18], [8, 1], [6, 11], [7, 23], [6, 8], [13, 7], [6, 24], [11, 11], [6, 16], [15, 14], [8, 13], [9, 20], [2, 14], [13, 3], [13, 29], [12, 18], [6, 23], [7, 16], [12, 25]], "top_head_effects": [0.09576766192913055, 0.05392436683177948, 0.042593102902173996, 0.034506481140851974, 0.02484843321144581, 0.020650992169976234, 0.016393499448895454, 0.010560153983533382, 0.008624443784356117, 0.007744590751826763, 0.006546793971210718, 0.005564254708588123, 0.005438545718789101, 0.005102226044982672, 0.0048245820216834545, 0.004769154824316502, 0.0043988642282783985, 0.00414168369024992, 0.0038308717776089907, 0.003596155671402812, 0.0034234814811497927, 0.0031026594806462526, 0.002984165446832776, 0.0029290635138750076, 0.0028376763220876455, 0.002635468263179064, 0.002428121631965041, 0.0023761990014463663, 0.0022203177213668823, 0.0021001435816287994, 0.002061416395008564, 0.002036439720541239, 0.001954755512997508, 0.0019382612081244588, 0.001917581888847053, 0.0017663497710600495, 0.0015640187775716186, 0.001520041492767632, 0.0015037269331514835, 0.0015028531197458506, 0.0014879576629027724, 0.0014807103434577584, 0.0014780081110075116, 0.001368939527310431, 0.0012932121753692627, 0.0012824716977775097, 0.0012388462200760841, 0.001208824454806745, 0.0011832290329039097, 0.0011643617181107402, 0.0011461289832368493, 0.0011100193951278925, 0.0010873269056901336, 0.0010682191932573915, 0.0009881126461550593, 0.0009267997811548412, 0.0009119632886722684, 0.0009076379938051105, 0.0009042549063451588, 0.0008757199393585324, 0.0008306205272674561, 0.0008115865057334304, 0.0008075436926446855, 0.0008051240001805127, 0.0008007283322513103, 0.0007748877396807075, 0.0007695817039348185, 0.0007504146196879447, 0.0006836792454123497, 0.0006208225968293846, 0.0006196965114213526, 0.0005908575840294361, 0.0005698316381312907, 0.0005613363464362919, 0.0005508656613528728, 0.0005463656270876527, 0.0005383070092648268, 0.0005204837070778012, 0.0005110109341330826, 0.0004926501424051821, 0.00047099438961595297, 0.0004646360466722399, 0.0004629277973435819, 0.0004565994895529002, 0.000437530834460631, 0.00042564456816762686, 0.000405590224545449, 0.000391718145692721, 0.0003892871318385005, 0.0003314750792924315, 0.0003290655149612576, 0.0003160694905091077, 0.0003026202612090856, 0.00029545321012847126, 0.00029392397846095264, 0.0002937115204986185, 0.00029155745869502425, 0.0002746561949606985, 0.00027356939972378314, 0.00026194110978394747]}