{"top_heads": [[0, 29], [0, 25], [1, 6], [0, 5], [0, 31], [0, 6], [0, 2], [1, 7], [1, 27], [1, 1], [0, 4], [0, 18], [0, 3], [1, 18], [0, 24], [0, 30], [2, 28], [0, 26], [1, 17], [2, 0], [1, 3], [2, 30], [13, 18], [0, 0], [2, 8], [0, 16], [0, 22], [1, 24], [2, 9], [1, 0], [1, 9], [0, 27], [2, 31], [1, 4], [14, 23], [0, 1], [3, 17], [2, 21], [0, 9], [3, 13], [1, 13], [4, 12], [3, 4], [1, 21], [0, 7], [3, 16], [3, 24], [1, 5], [3, 14], [5, 9], [2, 15], [1, 30], [1, 22], [1, 25], [1, 20], [0, 10], [3, 5], [3, 15], [1, 19], [1, 8], [1, 15], [2, 29], [2, 11], [0, 13], [0, 14], [0, 19], [11, 18], [3, 6], [13, 12], [2, 22], [0, 15], [2, 2], [5, 20], [1, 12], [1, 14], [3, 31], [12, 16], [11, 16], [11, 28], [1, 23], [3, 28], [3, 8], [12, 6], [0, 12], [4, 24], [13, 19], [3, 18], [0, 23], [4, 19], [13, 17], [9, 11], [0, 20], [3, 9], [11, 15], [10, 6], [2, 17], [1, 16], [4, 27], [2, 16], [3, 11]], "top_head_effects": [2.9727905825893686e-07, 5.031987484471756e-07, 1.542617042105121e-06, 1.9005360627488699e-06, 3.0289409096440068e-06, 3.0682415399496676e-06, 3.202591187800863e-06, 3.3150349736388307e-06, 4.466827249416383e-06, 4.909459676127881e-06, 5.24949973623734e-06, 5.498293830896728e-06, 5.912085725867655e-06, 6.158764335850719e-06, 6.2062586039246526e-06, 6.4061605371534824e-06, 6.423696504498366e-06, 6.446573024732061e-06, 6.498543370980769e-06, 7.135950909287203e-06, 7.380088391073514e-06, 7.584633749502245e-06, 8.021002031455282e-06, 8.210845408029854e-06, 8.38561390992254e-06, 8.540544513380155e-06, 9.244710781786125e-06, 9.39109486353118e-06, 9.59592671279097e-06, 9.612639587430749e-06, 9.698682333691977e-06, 1.1082041055487934e-05, 1.1175528015883174e-05, 1.1714921129168943e-05, 1.1726500815711915e-05, 1.1870077287312597e-05, 1.2484934813983273e-05, 1.3569945622293744e-05, 1.5018013073131442e-05, 1.6100835637189448e-05, 1.8137256120098755e-05, 1.8442686268826947e-05, 1.8655318854143843e-05, 1.870406231319066e-05, 1.9174774934072047e-05, 2.0226922060828656e-05, 2.0255183699191548e-05, 2.0743078493978828e-05, 2.078803299809806e-05, 2.1286976334522478e-05, 2.15384552575415e-05, 2.176676207454875e-05, 2.21553254959872e-05, 2.3920729290694e-05, 2.4908378691179678e-05, 2.498000867490191e-05, 2.5336272301501594e-05, 2.860404856619425e-05, 2.8693433705484495e-05, 2.87928032776108e-05, 2.901948755607009e-05, 2.904066968767438e-05, 2.918229074566625e-05, 2.992725967487786e-05, 3.076531720580533e-05, 3.165147063555196e-05, 3.184679735568352e-05, 3.484815533738583e-05, 3.54368457919918e-05, 3.550919791450724e-05, 3.5671895602717996e-05, 3.676959022413939e-05, 3.772095442400314e-05, 4.1052408050745726e-05, 4.2818279325729236e-05, 4.338320286478847e-05, 4.5091928768670186e-05, 4.5279077312443405e-05, 4.6188772103050724e-05, 4.744358011521399e-05, 4.989043372916058e-05, 5.011000030208379e-05, 5.0209353503305465e-05, 5.080081973574124e-05, 5.1490551413735375e-05, 5.1601942686829716e-05, 5.433137994259596e-05, 5.5545147915836424e-05, 5.613988469121978e-05, 5.625893027172424e-05, 5.67545102967415e-05, 5.779597631772049e-05, 5.905539001105353e-05, 6.110552203608677e-05, 6.187078543007374e-05, 6.77342977724038e-05, 6.805847806390375e-05, 6.826958997407928e-05, 6.95385824656114e-05, 7.200209074653685e-05]}