{"top_heads": [[15, 23], [20, 24], [18, 6], [17, 26], [21, 35], [16, 18], [11, 21], [13, 28], [18, 37], [15, 12], [15, 6], [17, 39], [17, 6], [17, 16], [21, 34], [17, 5], [20, 34], [11, 20], [13, 31], [14, 26], [39, 30], [20, 18], [20, 30], [14, 25], [33, 24], [17, 21], [11, 10], [13, 32], [16, 1], [16, 35], [20, 15], [12, 2], [16, 11], [25, 8], [16, 17], [35, 30], [19, 33], [13, 16], [13, 7], [16, 24], [12, 1], [12, 31], [13, 2], [13, 11], [26, 15], [11, 22], [19, 9], [14, 17], [17, 38], [20, 13], [33, 10], [20, 32], [17, 25], [21, 19], [20, 1], [15, 9], [39, 36], [12, 25], [39, 27], [12, 26], [18, 30], [10, 9], [20, 11], [12, 13], [14, 2], [38, 5], [10, 2], [12, 23], [14, 1], [37, 16], [18, 2], [9, 6], [19, 16], [12, 29], [38, 13], [28, 22], [15, 26], [16, 21], [28, 20], [16, 12], [24, 26], [23, 13], [27, 1], [18, 33], [29, 12], [10, 0], [11, 13], [18, 38], [11, 3], [16, 13], [19, 4], [17, 27], [39, 18], [16, 39], [12, 18], [20, 8], [20, 6], [18, 0], [15, 37], [19, 25]], "top_head_effects": [-0.005310209933668375, -0.004578159656375647, -0.003429089207202196, -0.002315477468073368, -0.0021766298450529575, -0.0020916517823934555, -0.0019750979263335466, -0.001875655259937048, -0.0017489230958744884, -0.0016464953077957034, -0.0016106734983623028, -0.0013229047181084752, -0.0013168363366276026, -0.0012743114493787289, -0.0011824442772194743, -0.0011720180045813322, -0.0011343928053975105, -0.0010589667363092303, -0.0010459067998453975, -0.0010411366820335388, -0.0010180044919252396, -0.0009696113993413746, -0.000932777882553637, -0.0009039125870913267, -0.0009020678116939962, -0.0008524824515916407, -0.0008435716154053807, -0.0008087220485322177, -0.0007749557844363153, -0.0007545343833044171, -0.000741149706300348, -0.0007407933007925749, -0.0006929116207174957, -0.0006713278125971556, -0.0006643258966505527, -0.0006551837432198226, -0.0006338052335195243, -0.0006225201650522649, -0.0006165553350001574, -0.0006027910858392715, -0.0006013236124999821, -0.0005973436636850238, -0.0005921315168961883, -0.000589703326113522, -0.0005882376572117209, -0.0005699031171388924, -0.0005605238839052618, -0.0005532823270186782, -0.0005491022602654994, -0.0005445588612928987, -0.0005435741622932255, -0.0005394460749812424, -0.000532742531504482, -0.0005161818698979914, -0.0005026572034694254, -0.000502350740134716, -0.0004825216601602733, -0.0004541672533378005, -0.00045047790626995265, -0.0004488371196202934, -0.0004430899571161717, -0.0004337417194619775, -0.00042794208275154233, -0.0004276196123100817, -0.00042414345080032945, -0.00041139277163892984, -0.000397281430196017, -0.00038149551255628467, -0.0003601523640099913, -0.00035819195909425616, -0.00035765187931247056, -0.0003573688445612788, -0.00035457685589790344, -0.0003426721668802202, -0.00033764587715268135, -0.00033583116601221263, -0.0003298470110166818, -0.0003267984720878303, -0.00032399981864728034, -0.0003222747764084488, -0.00031474113347940147, -0.0003129375400021672, -0.00030842749401926994, -0.00030357250943779945, -0.00028748446493409574, -0.00028002189355902374, -0.00027997433790005744, -0.00027920768479816616, -0.00027698621852323413, -0.00027689224225468934, -0.0002768075210042298, -0.00026423073722980917, -0.0002621931489557028, -0.00025831846869550645, -0.00025776337133720517, -0.00025642747641541064, -0.0002539167180657387, -0.00024743698304519057, -0.00024635758018121123, -0.0002447358856443316]}