{"top_heads": [[0, 29], [11, 16], [1, 1], [0, 24], [1, 7], [1, 27], [3, 5], [3, 4], [0, 5], [3, 6], [2, 8], [2, 29], [0, 6], [0, 2], [2, 9], [3, 13], [3, 18], [12, 8], [0, 18], [1, 4], [3, 3], [0, 31], [10, 31], [5, 9], [1, 24], [3, 2], [1, 6], [0, 26], [2, 0], [2, 31], [9, 11], [2, 30], [0, 4], [1, 3], [1, 20], [0, 30], [2, 21], [0, 3], [0, 7], [1, 2], [2, 28], [0, 0], [4, 28], [1, 23], [3, 7], [3, 24], [10, 29], [13, 19], [1, 0], [1, 25], [3, 16], [4, 20], [6, 17], [0, 27], [3, 19], [1, 21], [1, 30], [0, 1], [1, 11], [0, 10], [13, 12], [3, 14], [0, 25], [0, 16], [2, 22], [0, 8], [2, 2], [3, 25], [0, 15], [4, 23], [2, 11], [1, 5], [0, 17], [1, 18], [1, 13], [0, 11], [0, 22], [0, 13], [2, 15], [14, 23], [11, 29], [2, 18], [12, 6], [5, 19], [2, 4], [4, 12], [5, 6], [12, 11], [5, 30], [2, 16], [12, 7], [2, 25], [11, 17], [13, 6], [7, 19], [11, 18], [0, 14], [4, 0], [11, 31], [12, 20]], "top_head_effects": [3.662265157799993e-07, 3.330682829982834e-06, 4.452396751730703e-06, 5.246162345429184e-06, 6.833251973148435e-06, 7.66429820941994e-06, 7.713634659012314e-06, 8.234009328589309e-06, 8.300290573970415e-06, 9.677886737335939e-06, 1.013818291539792e-05, 1.050371429300867e-05, 1.1013481525878888e-05, 1.1371596883691382e-05, 1.2499177501013037e-05, 1.2927595889777876e-05, 1.3106397091178223e-05, 1.5053756214911118e-05, 1.539705044706352e-05, 1.5804052964085713e-05, 1.6627131117274985e-05, 1.704406167846173e-05, 1.7370146451867186e-05, 1.8014752640738152e-05, 2.0263611077098176e-05, 2.293099714734126e-05, 2.3216391127789393e-05, 2.326226058357861e-05, 2.33414612011984e-05, 2.4064322133199312e-05, 2.481395313225221e-05, 2.711875640670769e-05, 2.7456404495751485e-05, 2.910227340180427e-05, 3.0171357138897292e-05, 3.0182931368472055e-05, 3.041057425434701e-05, 3.209839996998198e-05, 3.23894273606129e-05, 3.3073301892727613e-05, 3.5195240343455225e-05, 3.5955286875832826e-05, 3.693382677738555e-05, 4.008722316939384e-05, 4.33708009950351e-05, 4.353660551714711e-05, 4.412893031258136e-05, 4.499604619923048e-05, 4.509327845880762e-05, 4.6037675929255784e-05, 4.641938357963227e-05, 4.77088506158907e-05, 4.877954052062705e-05, 5.1449158490868285e-05, 5.1879342208849266e-05, 5.2749619499081746e-05, 5.314749796525575e-05, 5.381705705076456e-05, 5.5123367928899825e-05, 5.597048584604636e-05, 5.679541209246963e-05, 5.685802534571849e-05, 6.0207428759895265e-05, 6.170960114104673e-05, 6.182232755236328e-05, 6.611432763747871e-05, 6.668041169177741e-05, 6.719904922647402e-05, 6.784138531656936e-05, 6.890853546792641e-05, 7.003612699918449e-05, 7.056628965074196e-05, 7.107105193426833e-05, 7.369335799012333e-05, 7.499075582018122e-05, 7.717061816947535e-05, 7.86933014751412e-05, 8.129240450216457e-05, 8.221889584092423e-05, 8.37004990899004e-05, 8.423199324170128e-05, 8.507295569870621e-05, 8.630137017462403e-05, 8.807230915408581e-05, 8.986311149783432e-05, 9.017574484460056e-05, 9.058178693521768e-05, 9.126486111199483e-05, 9.689252328826115e-05, 0.00010103816021000966, 0.0001066012482624501, 0.00010753712558653206, 0.00010807007492985576, 0.00011013603943865746, 0.00011162504233652726, 0.00011188071221113205, 0.00011539465776877478, 0.0001201326958835125, 0.00012184013030491769, 0.00012231864093337208]}