{"top_heads": [[17, 5], [16, 25], [28, 15], [15, 11], [15, 8], [16, 29], [15, 27], [14, 5], [31, 2], [14, 23], [22, 19], [21, 10], [15, 7], [14, 12], [26, 15], [15, 21], [31, 14], [14, 4], [13, 22], [15, 5], [17, 27], [14, 13], [21, 2], [13, 8], [30, 13], [14, 20], [13, 6], [16, 28], [16, 2], [13, 21], [17, 4], [18, 29], [13, 13], [15, 9], [15, 14], [28, 10], [25, 23], [13, 31], [27, 28], [31, 24], [14, 21], [20, 8], [19, 23], [14, 6], [11, 0], [13, 23], [10, 25], [14, 11], [5, 17], [13, 2], [20, 27], [19, 3], [31, 11], [17, 26], [15, 22], [9, 24], [13, 29], [19, 9], [22, 24], [11, 2], [12, 16], [14, 24], [15, 25], [17, 3], [15, 26], [16, 7], [30, 6], [11, 17], [16, 8], [11, 16], [18, 12], [31, 31], [12, 11], [8, 24], [3, 22], [13, 18], [12, 0], [14, 29], [31, 22], [7, 15], [21, 9], [30, 27], [13, 24], [21, 19], [8, 19], [29, 30], [20, 13], [22, 16], [15, 12], [29, 23], [13, 14], [7, 12], [18, 22], [9, 6], [19, 14], [8, 26], [12, 25], [15, 4], [9, 3], [9, 29]], "top_head_effects": [0.005385082680732012, 0.0045626116916537285, 0.0040736147202551365, 0.003678743727505207, 0.003564858343452215, 0.003001491306349635, 0.0026434476021677256, 0.0025347736664116383, 0.002517459914088249, 0.002501406706869602, 0.0024674946907907724, 0.002403981052339077, 0.0024019356351345778, 0.002373980823904276, 0.002352055162191391, 0.002205467550083995, 0.0021641808561980724, 0.002154409885406494, 0.0021108028013259172, 0.0018543635960668325, 0.001745460438542068, 0.0017352214781567454, 0.0017003694083541632, 0.001667303848080337, 0.0015384522266685963, 0.0015287300338968635, 0.0014971229247748852, 0.0014282509218901396, 0.0013498215703293681, 0.0012124574277549982, 0.0011103485012426972, 0.0010881770867854357, 0.001058424822986126, 0.0010474922601133585, 0.0010318359127268195, 0.0010242830030620098, 0.0010093948803842068, 0.0009881939040496945, 0.0009514467674307525, 0.0009455579565837979, 0.0009175949962809682, 0.0008957505924627185, 0.0008766427054069936, 0.000852980010677129, 0.0008401077357120812, 0.0008385954424738884, 0.0008181215380318463, 0.0008052364573813975, 0.0007821944309398532, 0.0007526520639657974, 0.0007209728937596083, 0.0006809909245930612, 0.0006604257505387068, 0.0006370748160406947, 0.0006278648506850004, 0.0006209806306287646, 0.0005828567082062364, 0.0005785576649941504, 0.0005674262647517025, 0.0005260179750621319, 0.0005248740199021995, 0.0005241992766968906, 0.000506706302985549, 0.0005020761163905263, 0.0005013287300243974, 0.0005010919994674623, 0.000500237219966948, 0.0004978852230124176, 0.0004904935485683382, 0.000490393431391567, 0.000489131489302963, 0.0004885449889115989, 0.0004876701859757304, 0.0004789298982359469, 0.00047739033470861614, 0.0004735470574814826, 0.0004727123014163226, 0.00047229824122041464, 0.0004714106325991452, 0.00045414105989038944, 0.0004481224750634283, 0.00044160999823361635, 0.00043485366040840745, 0.000424928090069443, 0.00041829643305391073, 0.00040667440043762326, 0.0004045095120090991, 0.00039983310853131115, 0.0003897019778378308, 0.0003869363572448492, 0.0003830670320894569, 0.0003775038931053132, 0.0003768001915886998, 0.0003757600497920066, 0.0003719882224686444, 0.00037054053973406553, 0.000367126107448712, 0.0003665714175440371, 0.00036656405427493155, 0.0003592244756873697]}