{"top_heads": [[14, 15], [17, 22], [14, 0], [13, 24], [14, 23], [17, 6], [19, 4], [16, 24], [10, 12], [10, 18], [14, 31], [15, 2], [18, 30], [15, 21], [20, 10], [14, 20], [14, 4], [25, 19], [13, 5], [10, 1], [13, 3], [20, 14], [13, 14], [16, 14], [19, 8], [31, 16], [17, 25], [10, 27], [19, 1], [15, 1], [12, 7], [17, 8], [11, 4], [24, 14], [13, 9], [11, 6], [12, 19], [20, 28], [14, 25], [15, 26], [18, 9], [23, 29], [21, 15], [9, 19], [25, 26], [16, 18], [31, 27], [17, 29], [11, 10], [8, 22], [11, 9], [15, 29], [24, 11], [29, 14], [8, 14], [16, 31], [9, 6], [12, 13], [19, 15], [19, 6], [9, 13], [14, 13], [11, 16], [16, 22], [8, 16], [15, 12], [17, 18], [11, 21], [20, 18], [16, 2], [23, 30], [21, 28], [22, 24], [22, 30], [22, 12], [19, 17], [31, 30], [19, 21], [7, 13], [10, 3], [29, 15], [21, 9], [12, 24], [21, 29], [13, 31], [28, 25], [28, 18], [11, 29], [18, 11], [19, 19], [21, 30], [22, 2], [17, 2], [13, 4], [23, 17], [27, 17], [15, 22], [31, 5], [10, 0], [18, 16]], "top_head_effects": [-0.017190350219607353, -0.00892973318696022, -0.007467868272215128, -0.00729183666408062, -0.006920871790498495, -0.005921606905758381, -0.005005430430173874, -0.004982497543096542, -0.004723938647657633, -0.004330518655478954, -0.004099136684089899, -0.004009221214801073, -0.0037074112333357334, -0.0034194469917565584, -0.003337856847792864, -0.003053847001865506, -0.0027416644152253866, -0.002732678083702922, -0.00269742077216506, -0.0026110876351594925, -0.0025633464101701975, -0.002339339815080166, -0.0023303700145334005, -0.002297231461852789, -0.002025826368480921, -0.001984399976208806, -0.0018500924343243241, -0.0017496731597930193, -0.001722989953123033, -0.0017134868539869785, -0.0016587660647928715, -0.0016578659415245056, -0.0016396226128563285, -0.0015244227834045887, -0.0014381329528987408, -0.001417455030605197, -0.0013967289123684168, -0.0013707659672945738, -0.0013257465325295925, -0.0013231831835582852, -0.0012921878369525075, -0.0012604694347828627, -0.0012582425260916352, -0.0011858115904033184, -0.0011739502660930157, -0.0011623825412243605, -0.0011263105552643538, -0.0011160771828144789, -0.0010853424901142716, -0.0009926266502588987, -0.0009710118174552917, -0.0009424067102372646, -0.0009421480935998261, -0.0009397491230629385, -0.0009135965956375003, -0.0009083232143893838, -0.0008987038745544851, -0.0008918379317037761, -0.0008833478204905987, -0.0008766284445300698, -0.0008733955910429358, -0.0008398538338951766, -0.0008382279193028808, -0.0008267914527095854, -0.0007919109775684774, -0.00078209099592641, -0.0007615335052832961, -0.0007460071356035769, -0.0007405240321531892, -0.0007152791367843747, -0.0007029992993921041, -0.0006751781911589205, -0.0006697413045912981, -0.0006479477742686868, -0.0006390216876752675, -0.0006237637717276812, -0.0006131727714091539, -0.0005966280587017536, -0.0005921773845329881, -0.0005864385748282075, -0.0005709363613277674, -0.0005705071962438524, -0.0005424681003205478, -0.0005381450173445046, -0.000520023051649332, -0.0005135548999533057, -0.0005066187586635351, -0.0005051748594269156, -0.0005021209362894297, -0.0004983646795153618, -0.0004940152866765857, -0.0004891962162218988, -0.00047093199100345373, -0.0004653806099668145, -0.0004650894261430949, -0.00045741666690446436, -0.0004548475262708962, -0.00045480902190320194, -0.0004536318883765489, -0.00043034032569266856]}