{"top_heads": [[12, 15], [15, 12], [8, 12], [9, 7], [15, 2], [10, 9], [10, 22], [9, 4], [15, 11], [9, 3], [11, 9], [12, 3], [8, 13], [8, 29], [14, 4], [11, 4], [10, 16], [9, 13], [10, 8], [9, 2], [7, 2], [8, 22], [7, 15], [7, 27], [9, 24], [8, 5], [8, 20], [6, 24], [7, 26], [10, 27], [14, 14], [13, 11], [9, 14], [15, 5], [13, 9], [5, 17], [8, 2], [14, 25], [13, 23], [15, 24], [9, 21], [5, 1], [15, 15], [7, 0], [8, 24], [11, 23], [8, 3], [12, 9], [8, 11], [14, 27], [14, 5], [6, 12], [11, 8], [7, 18], [13, 30], [7, 7], [7, 4], [10, 15], [10, 18], [8, 15], [7, 21], [6, 15], [8, 10], [9, 18], [12, 2], [7, 11], [2, 19], [8, 8], [5, 5], [12, 23], [6, 31], [7, 16], [6, 18], [5, 16], [8, 9], [6, 26], [4, 3], [8, 25], [9, 0], [4, 21], [8, 18], [9, 15], [15, 28], [5, 27], [12, 17], [9, 5], [6, 19], [4, 8], [7, 17], [15, 26], [13, 25], [6, 22], [4, 10], [9, 29], [7, 12], [12, 0], [10, 30], [9, 22], [6, 20], [11, 30]], "top_head_effects": [0.009493516758084297, 0.008531593717634678, 0.006611265707761049, 0.005893878638744354, 0.005254169926047325, 0.004603429697453976, 0.004583642818033695, 0.004460835363715887, 0.00442538782954216, 0.004302293993532658, 0.003440618282184005, 0.0032143336720764637, 0.0031546587124466896, 0.003137355437502265, 0.0029541142284870148, 0.002888638759031892, 0.0028787003830075264, 0.002869760850444436, 0.002810515696182847, 0.0026328014209866524, 0.0025915740989148617, 0.0025430626701563597, 0.0024028338957577944, 0.002287097042426467, 0.0022676822263747454, 0.002258333610370755, 0.0021162107586860657, 0.002102935453876853, 0.0020576512906700373, 0.0020108711905777454, 0.0019709516782313585, 0.0019704021979123354, 0.001873126602731645, 0.001830189023166895, 0.0018031562212854624, 0.0016432137927040458, 0.0016315322136506438, 0.0016140069346874952, 0.0015864820452407002, 0.001514727366156876, 0.0014826905680820346, 0.0014457417419180274, 0.0014134846860542893, 0.0013161890674382448, 0.0012015481479465961, 0.0011939175892621279, 0.0011500772088766098, 0.001140435691922903, 0.00106801837682724, 0.0010583726689219475, 0.0010224966099485755, 0.00100039376411587, 0.0009997683810070157, 0.0009991778060793877, 0.0009750681347213686, 0.0009731516474857926, 0.0009621290373615921, 0.0009496005368418992, 0.0009484869078733027, 0.0009404897573404014, 0.0009379750699736178, 0.0009372003260068595, 0.0008901518885977566, 0.0008877929649315774, 0.0008502517594024539, 0.0008400370134040713, 0.0008321210625581443, 0.0008169161737896502, 0.0008120210259221494, 0.0008032466284930706, 0.0007945098332129419, 0.0007868320099078119, 0.0007853725110180676, 0.0007827679510228336, 0.0007719548884779215, 0.0007687354227527976, 0.0007631996413692832, 0.000759057467803359, 0.000756837718654424, 0.0007514237659052014, 0.0007334458059631288, 0.0006748050218448043, 0.0006730170571245253, 0.0006687032291665673, 0.000658389471936971, 0.0006579124019481242, 0.0006474014953710139, 0.000597568170633167, 0.0005927403690293431, 0.0005879866075702012, 0.0005658047739416361, 0.000561024877242744, 0.0005572876543737948, 0.0005566993495449424, 0.0005562561564147472, 0.0005247009685263038, 0.000518502201884985, 0.0005131573998369277, 0.0005069557228125632, 0.000498300651088357]}