{"top_heads": [[12, 17], [13, 13], [14, 34], [15, 38], [10, 15], [19, 36], [13, 4], [19, 2], [13, 23], [18, 22], [18, 11], [23, 36], [14, 7], [17, 7], [21, 7], [11, 31], [17, 9], [15, 36], [12, 8], [17, 18], [8, 23], [14, 39], [13, 14], [19, 14], [15, 31], [16, 9], [21, 32], [39, 13], [15, 18], [10, 18], [14, 23], [15, 2], [16, 16], [38, 29], [20, 12], [5, 32], [26, 35], [14, 16], [9, 31], [21, 2], [15, 32], [13, 12], [11, 27], [15, 27], [18, 18], [39, 14], [20, 21], [21, 30], [35, 16], [20, 29], [15, 7], [11, 17], [15, 17], [16, 19], [32, 19], [18, 17], [25, 5], [13, 17], [13, 34], [19, 7], [14, 13], [18, 20], [13, 25], [15, 25], [19, 13], [9, 20], [14, 8], [17, 35], [39, 7], [17, 28], [19, 6], [12, 10], [11, 9], [16, 23], [38, 10], [14, 27], [14, 29], [14, 20], [29, 27], [38, 31], [23, 18], [11, 23], [30, 24], [13, 24], [12, 9], [16, 10], [13, 20], [14, 6], [34, 21], [10, 31], [16, 5], [18, 15], [11, 33], [13, 27], [17, 22], [15, 22], [19, 3], [34, 6], [10, 33], [14, 24]], "top_head_effects": [0.03294549137353897, 0.03197949379682541, 0.019330356270074844, 0.01719748042523861, 0.012307851575314999, 0.012247045524418354, 0.01045260950922966, 0.010346858762204647, 0.008782562799751759, 0.007306795567274094, 0.006016850005835295, 0.005756145343184471, 0.005646090023219585, 0.0044746436178684235, 0.004036073572933674, 0.003565156599506736, 0.0034004158806055784, 0.0033701679203659296, 0.0030871231574565172, 0.003015029476955533, 0.002659181598573923, 0.002639378421008587, 0.002574689919129014, 0.0022633709013462067, 0.002203380921855569, 0.0021615950390696526, 0.0020521017722785473, 0.0020215907134115696, 0.0020082578994333744, 0.0019474074942991138, 0.001809676643460989, 0.001768765738233924, 0.0016244007274508476, 0.001610223320312798, 0.0015731060411781073, 0.001563027035444975, 0.0015608135145157576, 0.0015127843944355845, 0.0013844986679032445, 0.0013212522026151419, 0.001263986574485898, 0.001252034679055214, 0.0012249441351741552, 0.0011801780201494694, 0.0011460575042292476, 0.001090523786842823, 0.001079087844118476, 0.0010685641318559647, 0.0010256061796098948, 0.0009818542748689651, 0.000980490818619728, 0.0009348298190161586, 0.0009231274598278105, 0.0009145325166173279, 0.0008984633022919297, 0.0008426844724453986, 0.0008147177868522704, 0.0008142664446495473, 0.0007465697126463056, 0.000725016463547945, 0.0007121650269255042, 0.0006972816190682352, 0.0006542076589539647, 0.0006217363406904042, 0.000599563354626298, 0.0005906180012971163, 0.000579102779738605, 0.0005747169489040971, 0.0005715737352147698, 0.0005668951780535281, 0.0005600143922492862, 0.0005414866609498858, 0.0005285210791043937, 0.0005247332737781107, 0.0005133779486641288, 0.0005125277093611658, 0.0005110580823384225, 0.0005013134214095771, 0.0004910271964035928, 0.0004795993154402822, 0.0004752956156153232, 0.0004728166968561709, 0.00046549338730983436, 0.00046403147280216217, 0.00046042227768339217, 0.00045665138168260455, 0.00043840918806381524, 0.00043345653102733195, 0.00043243542313575745, 0.0004292918602004647, 0.00041845953091979027, 0.0004162912955507636, 0.0004156201903242618, 0.0004050196148455143, 0.00040413401438854635, 0.00039968977216631174, 0.0003890623338520527, 0.00038781677721999586, 0.00038709951331838965, 0.00038510686135850847]}