{"top_heads": [[13, 5], [17, 15], [14, 13], [12, 18], [16, 3], [15, 5], [19, 2], [14, 8], [16, 14], [14, 4], [21, 20], [13, 12], [15, 11], [11, 10], [18, 9], [21, 2], [27, 10], [18, 1], [16, 17], [19, 19], [12, 13], [13, 21], [27, 1], [11, 15], [10, 5], [12, 19], [27, 2], [27, 6], [15, 18], [25, 6], [27, 15], [14, 20], [14, 7], [12, 4], [12, 1], [15, 19], [18, 10], [9, 9], [10, 17], [22, 15], [14, 10], [18, 15], [10, 18], [17, 6], [26, 22], [27, 16], [12, 5], [23, 9], [15, 17], [9, 21], [26, 16], [23, 11], [15, 20], [19, 11], [22, 3], [26, 11], [20, 4], [21, 13], [12, 14], [12, 15], [24, 5], [12, 11], [18, 16], [14, 17], [17, 18], [23, 22], [19, 22], [27, 0], [14, 9], [27, 20], [25, 19], [11, 5], [21, 15], [9, 13], [17, 10], [20, 9], [22, 10], [15, 2], [10, 2], [18, 7], [11, 9], [16, 8], [10, 8], [19, 9], [14, 3], [24, 17], [20, 19], [24, 22], [13, 13], [14, 21], [10, 20], [24, 4], [9, 11], [17, 20], [14, 19], [25, 9], [21, 18], [21, 17], [12, 21], [13, 17]], "top_head_effects": [-0.0105363754555583, -0.010048195719718933, -0.009741406887769699, -0.008726037107408047, -0.006207696627825499, -0.005581391975283623, -0.005227167159318924, -0.005201766733080149, -0.004613293334841728, -0.004247491247951984, -0.004227125085890293, -0.0038537203799933195, -0.003816076321527362, -0.0035915374755859375, -0.00324548059143126, -0.0031491825357079506, -0.0030972922686487436, -0.0029421120416373014, -0.0027137640863656998, -0.0026684447657316923, -0.002558540552854538, -0.0021846031304448843, -0.0020908627193421125, -0.0020170703064650297, -0.002012325683608651, -0.001961207715794444, -0.001876379013992846, -0.0018745645647868514, -0.0018572574481368065, -0.0018064993200823665, -0.0017720923060551286, -0.0013352874666452408, -0.0013327341293916106, -0.0013273172080516815, -0.0012860657880082726, -0.0012405960587784648, -0.0012271767482161522, -0.0011563042644411325, -0.0011506883893162012, -0.00109582778532058, -0.0010922033106908202, -0.001027227845042944, -0.0010261073475703597, -0.0010075937025249004, -0.0009842984145507216, -0.0009824304142966866, -0.0009762899135239422, -0.0009547158260829747, -0.0009249856229871511, -0.0008968540350906551, -0.0008916612714529037, -0.0008570244535803795, -0.0008568710763938725, -0.0008491973858326674, -0.000817586958874017, -0.0007807023357599974, -0.0007630570908077061, -0.0007563495892100036, -0.0007380752940662205, -0.0007363033946603537, -0.0007264105952344835, -0.0007074408349581063, -0.0006649179267697036, -0.0006598657346330583, -0.0006497742724604905, -0.0006360843544825912, -0.0006352948839776218, -0.0006284769042395055, -0.0006169449188746512, -0.0006128657259978354, -0.0005888383602723479, -0.0005881249089725316, -0.0005868716398254037, -0.0005758828483521938, -0.0005507315509021282, -0.0005275674047879875, -0.0005225421045906842, -0.0005191655945964158, -0.0004974079201929271, -0.0004967506974935532, -0.00047831927076913416, -0.00046561172348447144, -0.000423813471570611, -0.00041478744242340326, -0.00041400096961297095, -0.00041325949132442474, -0.00040795313543640077, -0.0003890881489496678, -0.0003875873517245054, -0.000375630654161796, -0.0003720054810401052, -0.0003692335158120841, -0.00036385012208484113, -0.0003637151967268437, -0.0003541316546034068, -0.0003522174374666065, -0.0003490627568680793, -0.0003389357589185238, -0.0003385603195056319, -0.00033093197271227837]}