{"top_heads": [[16, 25], [17, 5], [15, 8], [13, 22], [15, 11], [14, 12], [14, 23], [13, 8], [14, 4], [14, 5], [22, 19], [13, 6], [28, 15], [21, 10], [15, 7], [15, 27], [15, 21], [14, 20], [16, 29], [13, 21], [31, 14], [14, 13], [13, 18], [21, 2], [30, 13], [26, 15], [13, 1], [13, 23], [15, 5], [16, 28], [13, 2], [17, 4], [5, 17], [12, 4], [13, 14], [14, 29], [14, 6], [25, 23], [31, 2], [10, 18], [11, 8], [15, 9], [28, 10], [12, 8], [13, 4], [15, 14], [17, 24], [12, 28], [16, 2], [9, 24], [31, 24], [13, 13], [10, 20], [12, 16], [31, 31], [12, 21], [15, 26], [13, 11], [2, 19], [20, 8], [18, 29], [9, 19], [27, 28], [14, 11], [30, 27], [12, 26], [10, 22], [12, 11], [10, 9], [31, 22], [17, 27], [13, 27], [31, 3], [17, 3], [11, 24], [9, 29], [13, 3], [13, 24], [8, 19], [8, 24], [11, 25], [21, 9], [6, 22], [11, 6], [14, 2], [13, 29], [15, 12], [11, 4], [11, 16], [14, 31], [13, 12], [12, 14], [15, 4], [16, 1], [30, 31], [16, 8], [14, 24], [9, 31], [17, 26], [11, 2]], "top_head_effects": [0.012812797911465168, 0.012078765779733658, 0.01033211499452591, 0.008913161233067513, 0.008007853291928768, 0.007344467099756002, 0.006821694318205118, 0.006792386528104544, 0.006646925583481789, 0.006006862036883831, 0.005605705548077822, 0.005509634036570787, 0.005386425647884607, 0.0053726197220385075, 0.004782940726727247, 0.004733038600534201, 0.004552861675620079, 0.004531329497694969, 0.004410895984619856, 0.00433321250602603, 0.0040430030785501, 0.0035929393488913774, 0.0031135159078985453, 0.0030264188535511494, 0.0028674525674432516, 0.0027936475817114115, 0.002666997956112027, 0.002213421044871211, 0.002204827032983303, 0.0021913640666753054, 0.002114560455083847, 0.0020722949411720037, 0.0020441003143787384, 0.002035294659435749, 0.0018933366518467665, 0.0018009230261668563, 0.001786434673704207, 0.0017545982263982296, 0.001740859355777502, 0.0017133686924353242, 0.001654663123190403, 0.0016287668840959668, 0.001571070752106607, 0.001501538441516459, 0.0015009986236691475, 0.0015006755711510777, 0.001445894013158977, 0.0014393498422577977, 0.0014331672573462129, 0.001427598763257265, 0.0013959418283775449, 0.0013698190450668335, 0.0013456142041832209, 0.0013060705969110131, 0.0012890902580693364, 0.0012851867359131575, 0.001271018642000854, 0.0012538157170638442, 0.0012523640180006623, 0.001194637268781662, 0.00117782736197114, 0.0011725440854206681, 0.0011623958125710487, 0.0011367021361365914, 0.0011274603893980384, 0.001123894238844514, 0.0011103097349405289, 0.0010949254501610994, 0.0010869392426684499, 0.0010827770456671715, 0.0010668851900845766, 0.0010418763849884272, 0.0010339877335354686, 0.0010267614852637053, 0.0010040485067293048, 0.0009994637221097946, 0.0009880223078653216, 0.0009697622735984623, 0.0009391732746735215, 0.0009305185521952808, 0.000918566482141614, 0.0009060315787792206, 0.0009028244530782104, 0.0008998289704322815, 0.0008612823439761996, 0.000860454689245671, 0.0008527216268703341, 0.0008513648645021021, 0.000848900992423296, 0.000844862312078476, 0.0008347470429725945, 0.0008299172041006386, 0.0008269433164969087, 0.0008154761744663119, 0.0008054827922023833, 0.0007941923686303198, 0.0007918425835669041, 0.000789284473285079, 0.0007866828818805516, 0.0007831223774701357]}