{"top_heads": [[15, 10], [15, 6], [16, 30], [14, 22], [27, 7], [21, 3], [17, 6], [24, 27], [31, 0], [30, 15], [16, 19], [16, 16], [31, 1], [20, 12], [13, 10], [15, 24], [13, 17], [16, 3], [31, 20], [14, 14], [13, 0], [25, 21], [31, 7], [31, 25], [31, 13], [19, 20], [30, 24], [21, 8], [24, 3], [20, 14], [30, 25], [14, 28], [30, 29], [12, 15], [28, 11], [27, 20], [9, 5], [10, 17], [11, 23], [30, 21], [14, 30], [8, 30], [27, 4], [9, 28], [8, 16], [13, 19], [14, 7], [9, 12], [11, 3], [30, 30], [11, 20], [31, 21], [19, 11], [6, 21], [11, 7], [26, 29], [17, 25], [9, 18], [11, 19], [25, 5], [10, 10], [28, 13], [22, 18], [9, 14], [10, 8], [13, 7], [27, 6], [14, 16], [8, 26], [30, 11], [9, 17], [15, 18], [3, 23], [17, 12], [18, 23], [25, 7], [14, 21], [8, 2], [26, 13], [14, 8], [9, 0], [16, 31], [27, 30], [9, 21], [18, 16], [11, 5], [22, 1], [24, 20], [13, 5], [22, 15], [29, 20], [17, 22], [25, 15], [26, 14], [31, 30], [5, 1], [18, 4], [27, 21], [18, 28], [17, 18]], "top_head_effects": [-0.008977958932518959, -0.0073769837617874146, -0.007262269500643015, -0.004410661291331053, -0.004324772395193577, -0.004304054658859968, -0.004271897487342358, -0.004118807148188353, -0.003909996710717678, -0.0036501677241176367, -0.003301403485238552, -0.0029595266096293926, -0.002847264986485243, -0.0026700508315116167, -0.002550129545852542, -0.002515561180189252, -0.0024466298054903746, -0.002145300153642893, -0.002123745158314705, -0.0020544787403196096, -0.0020417990162968636, -0.001996966078877449, -0.001875322195701301, -0.0018673351733013988, -0.001820405712351203, -0.0017981658456847072, -0.0017946900334209204, -0.0017719939351081848, -0.0016995774349197745, -0.0013777518179267645, -0.0013309181667864323, -0.0013045917730778456, -0.0012685832334682345, -0.0012631535064429045, -0.0012449832865968347, -0.0012166223023086786, -0.0010512713342905045, -0.0010259225964546204, -0.0009930974338203669, -0.0009543272899463773, -0.000933864270336926, -0.0009293904877267778, -0.0009177895844914019, -0.0009150279220193624, -0.0009136403095908463, -0.0009131468832492828, -0.0009074978297576308, -0.000906850618775934, -0.0008852242608554661, -0.000884372042492032, -0.0008690397371537983, -0.0008628648356534541, -0.0008371836156584322, -0.0008345106616616249, -0.0008333742734976113, -0.0008245271164923906, -0.00081413215957582, -0.0008116848766803741, -0.0007967154961079359, -0.0007647228194400668, -0.0007620728574693203, -0.0007567672291770577, -0.0007539757061749697, -0.0007464399677701294, -0.0007119029760360718, -0.0007071628351695836, -0.0006974440766498446, -0.0006776008522138, -0.0006768843741156161, -0.0006228626589290798, -0.0006217089830897748, -0.0006176130846142769, -0.0006014052196405828, -0.0005925031146034598, -0.0005811691517010331, -0.0005776543403044343, -0.0005768236005678773, -0.0005646326462738216, -0.0005627565551549196, -0.0005619310541078448, -0.0005564872408285737, -0.0005532482755370438, -0.0005510381888598204, -0.0005453941412270069, -0.000544952810741961, -0.0005317458999343216, -0.0005238934536464512, -0.0005228243535384536, -0.0005177293787710369, -0.0005160497967153788, -0.0005146735929884017, -0.0005073657957836986, -0.0005036205402575433, -0.0005003017140552402, -0.0004977243370376527, -0.0004867014067713171, -0.00047444854862987995, -0.0004647321766242385, -0.00046378435217775404, -0.0004541307280305773]}