{"top_heads": [[0, 31], [1, 27], [0, 30], [2, 29], [0, 16], [0, 21], [1, 1], [1, 24], [0, 18], [0, 29], [29, 0], [1, 13], [29, 4], [28, 2], [26, 5], [4, 0], [0, 5], [26, 16], [29, 1], [1, 4], [1, 25], [3, 11], [25, 0], [0, 6], [0, 19], [3, 4], [2, 31], [2, 8], [2, 30], [1, 30], [3, 5], [2, 17], [0, 14], [3, 10], [0, 4], [1, 9], [29, 6], [0, 27], [0, 26], [2, 0], [4, 4], [26, 24], [0, 15], [2, 9], [24, 9], [28, 26], [24, 31], [1, 21], [25, 9], [23, 15], [1, 7], [3, 24], [6, 10], [28, 4], [1, 18], [2, 28], [0, 22], [0, 17], [0, 25], [3, 7], [1, 19], [25, 8], [3, 14], [5, 2], [29, 17], [2, 2], [0, 24], [3, 2], [29, 14], [4, 17], [3, 16], [4, 6], [1, 15], [24, 28], [28, 19], [26, 4], [1, 14], [0, 3], [4, 20], [30, 5], [29, 12], [25, 25], [24, 8], [0, 2], [1, 5], [19, 5], [28, 1], [19, 28], [18, 3], [0, 28], [23, 3], [25, 1], [20, 19], [22, 26], [29, 5], [25, 31], [3, 15], [5, 29], [18, 6], [29, 7]], "top_head_effects": [1.2463369003512526e-08, 1.6978401617961936e-07, 4.452426480838767e-07, 4.539435849437723e-07, 6.146257192085613e-07, 6.291629688348621e-07, 6.30542103863263e-07, 9.434469347979757e-07, 1.2660282209253637e-06, 1.3593975154435611e-06, 1.4109011772234226e-06, 1.4134716366243083e-06, 1.4257454949984094e-06, 1.4272339967646985e-06, 1.4296592780738138e-06, 1.541781102787354e-06, 1.6116732695081737e-06, 1.6506876363564515e-06, 1.6931246591411764e-06, 1.7044765172613552e-06, 1.9013129985978594e-06, 2.0519623831205536e-06, 2.197220283051138e-06, 2.2485305635200348e-06, 2.2650872324447846e-06, 2.3393527044390794e-06, 2.3609727577422746e-06, 2.6980753773386823e-06, 2.7880882953468245e-06, 2.8369902338454267e-06, 3.004830432473682e-06, 3.0357409741554875e-06, 3.1306042274081847e-06, 3.1841450436331797e-06, 3.254710463806987e-06, 3.2796899631648557e-06, 3.322735210531391e-06, 3.4932845665025525e-06, 3.637401732703438e-06, 3.6791295769944554e-06, 3.929691501980415e-06, 3.949363417632412e-06, 4.009901203971822e-06, 4.140642886341084e-06, 4.236017957737204e-06, 4.516485660133185e-06, 4.749251274915878e-06, 4.960533260600641e-06, 5.057380803918932e-06, 5.06751166540198e-06, 5.267388587526511e-06, 5.519728347280761e-06, 5.5225668802449945e-06, 5.645803412335226e-06, 5.8248524510418065e-06, 5.9139788390893955e-06, 5.975786734779831e-06, 6.019824468239676e-06, 6.022610250511207e-06, 6.34667276244727e-06, 6.3706211221870035e-06, 6.753662091796286e-06, 6.811057573941071e-06, 7.002660822763573e-06, 7.014979928499088e-06, 7.112716957635712e-06, 7.167368949012598e-06, 7.3354062806174625e-06, 7.54768552724272e-06, 7.760029802739155e-06, 7.783103683323134e-06, 7.846313565096352e-06, 7.879945769673213e-06, 8.049244570429437e-06, 8.161674486473203e-06, 8.330777745868545e-06, 8.52706034493167e-06, 8.706690096005332e-06, 8.796708243608009e-06, 8.921000699047e-06, 8.983757652458735e-06, 9.011180736706592e-06, 9.064782716450281e-06, 9.097834663407411e-06, 9.222349035553634e-06, 9.696889719634783e-06, 9.786983355297707e-06, 9.879968274617568e-06, 1.0092659067595378e-05, 1.0111176379723474e-05, 1.0231370652036276e-05, 1.0284655218129046e-05, 1.0293770174030215e-05, 1.0382756954641081e-05, 1.0409758033347316e-05, 1.0574276529951021e-05, 1.0619191016303375e-05, 1.0625130926200654e-05, 1.07472460513236e-05, 1.0767926141852513e-05]}