{"top_heads": [[25, 20], [23, 17], [33, 33], [28, 16], [34, 5], [24, 30], [4, 14], [34, 1], [38, 4], [34, 12], [22, 21], [1, 1], [34, 17], [33, 38], [29, 11], [4, 0], [29, 18], [1, 25], [28, 6], [33, 2], [35, 11], [27, 0], [25, 29], [35, 6], [30, 26], [0, 31], [3, 36], [38, 32], [4, 23], [35, 5], [31, 26], [29, 0], [0, 1], [2, 26], [24, 28], [2, 28], [8, 37], [31, 32], [33, 7], [4, 5], [37, 3], [28, 15], [34, 26], [25, 38], [20, 35], [4, 28], [3, 3], [27, 2], [27, 31], [1, 23], [31, 16], [38, 15], [35, 0], [36, 28], [29, 7], [29, 5], [1, 31], [32, 8], [4, 30], [23, 30], [33, 14], [30, 37], [34, 29], [30, 11], [32, 16], [23, 39], [31, 7], [35, 2], [24, 38], [24, 9], [39, 31], [24, 1], [22, 24], [34, 14], [32, 27], [8, 4], [4, 6], [29, 17], [37, 32], [1, 38], [35, 35], [5, 17], [26, 21], [32, 22], [28, 10], [7, 37], [20, 26], [26, 4], [37, 29], [36, 8], [30, 38], [23, 35], [38, 0], [4, 12], [34, 3], [26, 31], [32, 39], [25, 11], [22, 7], [4, 3]], "top_head_effects": [7.137691682146396e-07, 7.226126399473287e-07, 1.6012061223591445e-06, 1.8333549860471976e-06, 1.997981598833576e-06, 2.1612199816445354e-06, 2.1666387510776985e-06, 3.007457053172402e-06, 3.0241062631830573e-06, 3.0871246963215526e-06, 3.1016736556921387e-06, 3.1150373160926392e-06, 3.169107912981417e-06, 3.3124333640444092e-06, 3.4212591799587244e-06, 3.537710199452704e-06, 3.6590840863937046e-06, 3.677344693642226e-06, 3.92427182305255e-06, 4.0580184759164695e-06, 4.0756094676908106e-06, 4.220925347908633e-06, 4.3154268496437e-06, 4.400149464345304e-06, 4.467421604203992e-06, 4.5087249418429565e-06, 4.537518179859035e-06, 4.607595656125341e-06, 4.651264134736266e-06, 4.751402229885571e-06, 4.843367605644744e-06, 4.855084171140334e-06, 5.035451522417134e-06, 5.073340616945643e-06, 5.085431894258363e-06, 5.15573537995806e-06, 5.170950316824019e-06, 5.1918318604293745e-06, 5.210483777773334e-06, 5.229808721196605e-06, 5.345298177417135e-06, 5.407597200246528e-06, 5.5256150517379865e-06, 5.5280024753301404e-06, 5.547363343794132e-06, 5.591470198851312e-06, 5.592783509200672e-06, 5.611239430436399e-06, 5.732211320719216e-06, 5.76514730710187e-06, 5.7946681408793665e-06, 5.851838977832813e-06, 5.875565420865314e-06, 5.881995093659498e-06, 5.882349796593189e-06, 5.9498265727597754e-06, 5.9642252381308936e-06, 5.981818048894638e-06, 5.9838357628905214e-06, 6.003538601362379e-06, 6.019855845806887e-06, 6.041367214493221e-06, 6.1501282289100345e-06, 6.217552254383918e-06, 6.262781425903086e-06, 6.384770131262485e-06, 6.552767445100471e-06, 6.573585778824054e-06, 6.621576176257804e-06, 6.71347106617759e-06, 6.728284461132716e-06, 6.7721184677793644e-06, 6.83340840623714e-06, 6.874532118672505e-06, 6.897586899867747e-06, 6.899382697156398e-06, 6.921059139131103e-06, 6.922166903677862e-06, 6.934443263162393e-06, 6.949885573703796e-06, 7.0158775997697376e-06, 7.034957889118232e-06, 7.050944986985996e-06, 7.187661140051205e-06, 7.200324944278691e-06, 7.208484021248296e-06, 7.212599484773818e-06, 7.270266451087082e-06, 7.2751863626763225e-06, 7.3427281677140854e-06, 7.349547558987979e-06, 7.370571438514162e-06, 7.3724195317481644e-06, 7.608446594531415e-06, 7.67934398027137e-06, 7.725646355538629e-06, 7.768931936880108e-06, 7.784581612213515e-06, 7.785551133565605e-06, 7.819886377546936e-06]}