{"top_heads": [[12, 20], [14, 12], [14, 1], [19, 7], [9, 19], [15, 4], [14, 14], [10, 22], [12, 17], [17, 17], [12, 3], [10, 23], [15, 9], [13, 4], [17, 2], [15, 7], [13, 15], [23, 10], [19, 1], [12, 23], [14, 6], [26, 14], [13, 14], [12, 6], [8, 2], [12, 16], [14, 5], [13, 6], [13, 8], [6, 1], [26, 23], [24, 21], [14, 15], [16, 21], [13, 3], [27, 17], [24, 16], [9, 23], [22, 17], [18, 20], [27, 9], [18, 11], [27, 7], [10, 0], [11, 16], [11, 8], [19, 6], [10, 3], [17, 0], [12, 22], [12, 2], [11, 2], [14, 2], [13, 23], [10, 12], [10, 4], [16, 16], [14, 22], [14, 0], [26, 20], [10, 11], [19, 8], [14, 16], [11, 7], [13, 7], [21, 14], [13, 11], [15, 12], [26, 8], [16, 9], [18, 6], [9, 12], [6, 21], [27, 18], [13, 22], [12, 12], [13, 16], [13, 19], [13, 9], [11, 21], [17, 9], [10, 1], [17, 14], [26, 6], [11, 6], [16, 15], [7, 17], [15, 3], [24, 1], [24, 2], [9, 5], [26, 19], [23, 0], [19, 20], [11, 0], [26, 13], [19, 13], [9, 2], [5, 6], [16, 22]], "top_head_effects": [0.19374676048755646, 0.08639983832836151, 0.0662899762392044, 0.025147851556539536, 0.015383494086563587, 0.01471291296184063, 0.014683241955935955, 0.011282122693955898, 0.010210590437054634, 0.010114935226738453, 0.008398056961596012, 0.008072850294411182, 0.0064702508971095085, 0.006352496799081564, 0.005957458633929491, 0.005837350618094206, 0.005751896183937788, 0.005609535612165928, 0.005510326940566301, 0.005272244103252888, 0.005071420222520828, 0.004937703721225262, 0.0041074370965361595, 0.003843819722533226, 0.0037666652351617813, 0.003690693061798811, 0.0036088943015784025, 0.0036009736359119415, 0.0035038709174841642, 0.003485929686576128, 0.0034570388961583376, 0.0033754624892026186, 0.003040417330339551, 0.00270789279602468, 0.0027065002359449863, 0.002698777010664344, 0.002605235669761896, 0.0024917894043028355, 0.0024759338703006506, 0.0023634217213839293, 0.002202131086960435, 0.0021832077763974667, 0.0020885777194052935, 0.0020002047531306744, 0.001981773879379034, 0.0018465808825567365, 0.0017505515133962035, 0.0017341332277283072, 0.0016832913970574737, 0.0016521235229447484, 0.0016376629937440157, 0.0016187656437978148, 0.0016012834385037422, 0.001549754524603486, 0.0014988502953201532, 0.0014791166177019477, 0.0014691957039758563, 0.0014487766893580556, 0.0013844354543834925, 0.0013503636000677943, 0.0012825443409383297, 0.0012755378847941756, 0.0012437939876690507, 0.001226316555403173, 0.0011484924471005797, 0.0011470055906102061, 0.0011299559846520424, 0.001115542952902615, 0.0010935678146779537, 0.00106532359495759, 0.0010644624708220363, 0.0010317657142877579, 0.0010149602312594652, 0.0009918025461956859, 0.000988792977295816, 0.0009688603458926082, 0.0009601975325495005, 0.0009369685431011021, 0.0009300101082772017, 0.000920362479519099, 0.0008466417202726007, 0.000834720500279218, 0.0008340192725881934, 0.0008023891132324934, 0.0008008043514564633, 0.0007965891854837537, 0.0007804684573784471, 0.000752802996430546, 0.000719704432412982, 0.0007114333566278219, 0.0007048021070659161, 0.00069929234450683, 0.0006951009854674339, 0.0006881261942908168, 0.0006832313374616206, 0.0006573550053872168, 0.0006358610116876662, 0.0006225142278708518, 0.0006136036245152354, 0.000612221600022167]}