{"top_heads": [[14, 1], [11, 2], [9, 25], [12, 15], [12, 28], [19, 16], [13, 7], [11, 18], [12, 18], [16, 10], [14, 14], [16, 1], [14, 16], [16, 20], [18, 26], [18, 1], [16, 29], [11, 22], [13, 30], [19, 27], [15, 11], [29, 30], [11, 30], [8, 26], [16, 0], [15, 9], [14, 7], [12, 11], [10, 4], [13, 20], [17, 28], [14, 28], [10, 5], [19, 2], [6, 16], [13, 13], [16, 6], [29, 26], [17, 19], [31, 26], [14, 24], [31, 4], [26, 30], [14, 9], [14, 18], [13, 10], [26, 28], [31, 17], [10, 14], [15, 25], [13, 8], [27, 7], [31, 3], [7, 28], [27, 29], [16, 7], [26, 9], [17, 12], [13, 2], [16, 19], [28, 13], [14, 3], [12, 26], [15, 8], [11, 15], [30, 9], [15, 10], [28, 7], [15, 23], [15, 17], [15, 24], [24, 18], [30, 10], [13, 19], [14, 4], [14, 10], [6, 9], [15, 14], [11, 7], [12, 16], [12, 2], [10, 31], [31, 22], [12, 3], [19, 12], [12, 0], [13, 17], [14, 5], [15, 16], [12, 9], [29, 8], [10, 8], [8, 0], [15, 13], [10, 30], [10, 17], [8, 5], [14, 11], [18, 5], [12, 23]], "top_head_effects": [0.030243564397096634, 0.027075322344899178, 0.026304900646209717, 0.018719129264354706, 0.014268423430621624, 0.011563287116587162, 0.01137157529592514, 0.011309978552162647, 0.00964774563908577, 0.006065776571631432, 0.004170549102127552, 0.0040514483116567135, 0.003835768438875675, 0.0035314466804265976, 0.0030537324491888285, 0.0026339921168982983, 0.0023557753302156925, 0.002295485930517316, 0.002223877003416419, 0.0020278950687497854, 0.001976157072931528, 0.0019636668730527163, 0.0018945160554721951, 0.0018723628018051386, 0.0018123097252100706, 0.0017653867835178971, 0.0014816407347097993, 0.0014272871194407344, 0.001396265928633511, 0.0013889968395233154, 0.0013382023898884654, 0.0011912978952750564, 0.001186133362352848, 0.0011420740047469735, 0.001134753692895174, 0.0011297798482701182, 0.0011297476012259722, 0.0010989817092195153, 0.0010789723601192236, 0.0010093521559610963, 0.0009877638658508658, 0.0009848007466644049, 0.0009611996356397867, 0.0009402167052030563, 0.0009351808112114668, 0.0009248125716112554, 0.000902012747246772, 0.0008942463900893927, 0.0008907930459827185, 0.0008522988064214587, 0.0008519661496393383, 0.0008395619806833565, 0.0008363571832887828, 0.0008110805065371096, 0.0008035439532250166, 0.0008016463834792376, 0.0007816812139935791, 0.0007733025122433901, 0.0007671431521885097, 0.0007576338248327374, 0.0007371743558906019, 0.0007193845231086016, 0.0007102027302607894, 0.0007014820002950728, 0.0006938292062841356, 0.0006491111707873642, 0.0006001369911246002, 0.000597105361521244, 0.0005835803458467126, 0.0005816321354359388, 0.0005770034622400999, 0.0005617357674054801, 0.00056025804951787, 0.0005525561282411218, 0.0005508378380909562, 0.0005393446772359312, 0.0005342765362001956, 0.0005341286305338144, 0.0005247315275482833, 0.0005192914395593107, 0.000508276978507638, 0.0005058402311988175, 0.00048471937770955265, 0.00047222981811501086, 0.0004702988953795284, 0.0004673083603847772, 0.0004510359140112996, 0.0004478629562072456, 0.0004215739027131349, 0.0004209665930829942, 0.000419329822761938, 0.0004143554833717644, 0.00041190144838765264, 0.00040214305045083165, 0.00039973747334443033, 0.00039834805647842586, 0.000398132047848776, 0.00038714948459528387, 0.0003614388406276703, 0.00034914459683932364]}