{"top_heads": [[3, 1], [0, 10], [0, 22], [0, 4], [2, 19], [3, 23], [23, 23], [2, 13], [5, 10], [30, 21], [2, 26], [28, 11], [0, 9], [5, 9], [1, 9], [25, 30], [5, 8], [4, 20], [28, 24], [1, 24], [2, 16], [3, 20], [0, 28], [2, 11], [28, 4], [5, 27], [6, 8], [0, 5], [3, 5], [5, 14], [3, 4], [23, 16], [2, 25], [2, 10], [23, 21], [3, 18], [5, 6], [4, 10], [5, 19], [0, 26], [0, 12], [2, 2], [5, 26], [4, 0], [3, 3], [1, 7], [27, 25], [3, 7], [23, 2], [1, 27], [5, 20], [26, 31], [27, 24], [4, 30], [1, 16], [27, 21], [6, 19], [28, 16], [23, 25], [20, 24], [28, 20], [5, 3], [2, 20], [1, 19], [27, 4], [18, 24], [0, 6], [25, 18], [1, 25], [1, 2], [29, 6], [18, 3], [29, 17], [29, 20], [2, 5], [1, 28], [16, 12], [0, 20], [4, 18], [0, 17], [21, 26], [3, 11], [2, 1], [5, 24], [20, 25], [2, 12], [0, 0], [3, 19], [7, 15], [3, 14], [29, 28], [29, 12], [23, 24], [3, 12], [0, 30], [4, 24], [21, 11], [5, 31], [27, 31], [3, 31]], "top_head_effects": [1.097126414606464e-06, 1.1020549663953716e-06, 1.188348619507451e-06, 1.3161877632228425e-06, 1.9033807348023402e-06, 2.0916077119181864e-06, 2.9854109016014263e-06, 3.8048178794269916e-06, 4.126819476368837e-06, 4.410492238093866e-06, 4.6680002014909405e-06, 4.7187595555442385e-06, 4.825550149689661e-06, 5.14084877067944e-06, 5.317627710610395e-06, 5.453216544992756e-06, 5.5017153499647975e-06, 5.644802968163276e-06, 6.148362899693893e-06, 6.259358997340314e-06, 6.467264938692097e-06, 6.658787242486142e-06, 7.227297828649171e-06, 7.558298875665059e-06, 8.422881364822388e-06, 8.699800673639402e-06, 8.720959158381447e-06, 8.79048093338497e-06, 8.92850584932603e-06, 9.040237273438834e-06, 9.138833775068633e-06, 9.354838766739704e-06, 9.376916750625242e-06, 9.407895959157031e-06, 9.49875629885355e-06, 9.585175575921312e-06, 9.745568604557775e-06, 9.838823643804062e-06, 1.0180328899878077e-05, 1.0196339644608088e-05, 1.0602537258819211e-05, 1.0714503332565073e-05, 1.0859095709747635e-05, 1.1467281183286104e-05, 1.1614659342740197e-05, 1.1763599104597233e-05, 1.180685285362415e-05, 1.2022684131807182e-05, 1.2079923180863261e-05, 1.2183597391413059e-05, 1.2533063454611693e-05, 1.2792046618415043e-05, 1.3112419765093364e-05, 1.332935607933905e-05, 1.3332479284144938e-05, 1.3539833162212744e-05, 1.3650651453644969e-05, 1.3655072507390287e-05, 1.3674471119884402e-05, 1.3803695765091106e-05, 1.388108739774907e-05, 1.4122228094493039e-05, 1.432705539627932e-05, 1.4425571862375364e-05, 1.531584348413162e-05, 1.5347250155173242e-05, 1.543621146993246e-05, 1.5527240975643508e-05, 1.5608004105160944e-05, 1.570216045365669e-05, 1.583138327987399e-05, 1.634694854146801e-05, 1.6552403394598514e-05, 1.660762427491136e-05, 1.6707737813703716e-05, 1.6802803656901233e-05, 1.698723826848436e-05, 1.7551719793118536e-05, 1.7832011508289725e-05, 1.790017995517701e-05, 1.8127648218069226e-05, 1.8224935047328472e-05, 1.82799412868917e-05, 1.829596294555813e-05, 1.8465800167177804e-05, 1.857899405877106e-05, 1.8654483938007616e-05, 1.8985214410349727e-05, 1.9039089238503948e-05, 1.9256323867011815e-05, 1.955764128069859e-05, 2.0311306798248552e-05, 2.0511712136794813e-05, 2.076067539746873e-05, 2.1016212485847063e-05, 2.1651125280186534e-05, 2.176708403567318e-05, 2.2227779481909238e-05, 2.2248948880587704e-05, 2.2384543626685627e-05]}