{"top_heads": [[9, 8], [7, 28], [7, 5], [9, 16], [7, 30], [7, 6], [10, 16], [7, 9], [9, 7], [8, 31], [10, 15], [8, 6], [8, 22], [12, 3], [9, 27], [10, 18], [9, 18], [9, 10], [9, 13], [10, 23], [10, 27], [8, 11], [13, 23], [5, 11], [10, 20], [6, 4], [15, 12], [15, 5], [8, 23], [9, 9], [14, 13], [8, 12], [14, 16], [11, 4], [14, 8], [15, 28], [11, 8], [8, 29], [15, 15], [13, 11], [8, 19], [9, 26], [8, 9], [15, 2], [14, 25], [7, 11], [10, 21], [8, 27], [10, 26], [5, 23], [7, 25], [5, 10], [9, 24], [8, 20], [12, 15], [14, 4], [11, 21], [11, 9], [9, 15], [11, 24], [10, 11], [8, 10], [9, 4], [9, 1], [7, 13], [15, 18], [14, 0], [8, 8], [9, 14], [9, 29], [8, 4], [7, 2], [9, 5], [12, 9], [9, 17], [8, 3], [15, 24], [12, 28], [6, 30], [8, 15], [14, 19], [8, 14], [14, 27], [5, 18], [6, 11], [8, 25], [15, 11], [9, 20], [13, 7], [11, 11], [8, 0], [2, 14], [6, 8], [12, 18], [12, 25], [6, 16], [6, 22], [7, 16], [7, 21], [7, 18]], "top_head_effects": [0.08898479491472244, 0.06318959593772888, 0.05298064649105072, 0.03755974769592285, 0.036411870270967484, 0.025361130014061928, 0.024059966206550598, 0.015629520639777184, 0.0105140907689929, 0.007852301932871342, 0.007005749735981226, 0.0057791187427937984, 0.005723342765122652, 0.005439791828393936, 0.005359297152608633, 0.005337100476026535, 0.00517919659614563, 0.005098249763250351, 0.0049546933732926846, 0.0046774656511843204, 0.0044679478742182255, 0.004436726216226816, 0.004339669831097126, 0.004217964131385088, 0.004045282956212759, 0.0036633771378546953, 0.0036436866503208876, 0.003582308767363429, 0.0035400409251451492, 0.003283354453742504, 0.0030713591258972883, 0.0029374456498771906, 0.0029085588175803423, 0.0028654029592871666, 0.0026942056138068438, 0.002673838520422578, 0.0024996742140501738, 0.002483093412593007, 0.002405954524874687, 0.0022709083277732134, 0.0022524967789649963, 0.0022520257625728846, 0.002207316691055894, 0.0020126139279454947, 0.0019845720380544662, 0.0019497956382110715, 0.001845093909651041, 0.0017524372087791562, 0.0017149755731225014, 0.0016034335130825639, 0.0016003083437681198, 0.001531128422357142, 0.001529879868030548, 0.0014888569712638855, 0.0013826508074998856, 0.0013798614963889122, 0.001335949287749827, 0.001266066450625658, 0.0012616076273843646, 0.0012534594861790538, 0.0012112146941944957, 0.001206669956445694, 0.0012059500440955162, 0.0011990029597654939, 0.0011973022483289242, 0.0011649922234937549, 0.0011639987351372838, 0.0011169655481353402, 0.0010764062171801925, 0.0010324312606826425, 0.0009697229252196848, 0.0009619868942536414, 0.0009511230164207518, 0.0009371710475534201, 0.0009358011302538216, 0.0009011193760670722, 0.0008701366023160517, 0.0008383714011870325, 0.0008344163070432842, 0.0008162255398929119, 0.0007954562897793949, 0.0007756633567623794, 0.000774966727476567, 0.0007143149268813431, 0.0006834838422946632, 0.0006799859111197293, 0.000679490331094712, 0.0006204163073562086, 0.0005871385219506919, 0.0005820057704113424, 0.000570731470361352, 0.0005529532209038734, 0.0005458766245283186, 0.000498723704367876, 0.0004896642058156431, 0.00048490488552488387, 0.00043789250776171684, 0.0004040365165565163, 0.0003640563227236271, 0.00036043141153641045]}