{"top_heads": [[12, 17], [13, 13], [14, 34], [15, 38], [10, 15], [13, 4], [14, 7], [13, 23], [19, 36], [19, 2], [8, 23], [18, 11], [15, 36], [14, 39], [17, 9], [12, 8], [18, 22], [13, 14], [19, 14], [16, 9], [9, 31], [11, 31], [17, 7], [23, 36], [15, 31], [17, 18], [10, 18], [5, 32], [14, 16], [21, 7], [39, 13], [15, 32], [34, 6], [15, 2], [20, 12], [26, 35], [16, 16], [14, 23], [39, 7], [13, 12], [21, 2], [21, 32], [39, 14], [18, 18], [13, 25], [38, 29], [13, 24], [13, 17], [15, 26], [15, 17], [13, 34], [10, 31], [37, 30], [21, 30], [9, 20], [17, 22], [14, 13], [27, 15], [17, 28], [16, 30], [39, 26], [15, 18], [10, 28], [32, 19], [11, 33], [13, 10], [15, 25], [29, 27], [18, 15], [15, 27], [25, 5], [25, 27], [9, 33], [11, 23], [18, 17], [14, 0], [9, 2], [15, 7], [5, 0], [11, 17], [37, 2], [11, 27], [8, 6], [16, 23], [19, 7], [39, 17], [25, 13], [6, 20], [11, 37], [20, 21], [12, 9], [16, 10], [18, 20], [12, 16], [15, 22], [18, 5], [13, 20], [16, 19], [15, 4], [11, 9]], "top_head_effects": [0.09742101281881332, 0.08965790271759033, 0.06472533196210861, 0.05153067782521248, 0.03821872919797897, 0.034114301204681396, 0.02628949284553528, 0.025553464889526367, 0.02319205552339554, 0.020713211968541145, 0.01448886003345251, 0.013269183225929737, 0.013130479492247105, 0.012926403433084488, 0.010970482602715492, 0.010071935132145882, 0.009759512729942799, 0.009242027066648006, 0.008996500633656979, 0.008934373036026955, 0.008783728815615177, 0.008226062171161175, 0.008198886178433895, 0.007587207015603781, 0.00742931617423892, 0.006859873421490192, 0.00682757468894124, 0.005875003058463335, 0.005754276178777218, 0.0053575970232486725, 0.0053504048846662045, 0.005310112610459328, 0.00526790227741003, 0.0049379742704331875, 0.004626522306352854, 0.004542785231024027, 0.0042906468734145164, 0.004014011938124895, 0.003839740063995123, 0.0037008931394666433, 0.003530215471982956, 0.0033485889434814453, 0.0033333473838865757, 0.0032260981388390064, 0.0032095140777528286, 0.003172165248543024, 0.0028949000407010317, 0.0027676282916218042, 0.002755382563918829, 0.002674398012459278, 0.0026370075065642595, 0.002566960407420993, 0.0025153893511742353, 0.0024656716268509626, 0.0023246423806995153, 0.0023165899328887463, 0.0022565345279872417, 0.002247622236609459, 0.002242850372567773, 0.002212256658822298, 0.0021961790043860674, 0.002191968495026231, 0.0020948518067598343, 0.0020474346820265055, 0.0020428020507097244, 0.00202206801623106, 0.0019350146176293492, 0.0018868893384933472, 0.0018821879057213664, 0.0018473312957212329, 0.0018399133114144206, 0.0018348355079069734, 0.0018316477071493864, 0.001802588813006878, 0.001801087288185954, 0.0017987699247896671, 0.0017498661763966084, 0.0017364670056849718, 0.001718495273962617, 0.0017160936258733273, 0.0017013836186379194, 0.0016910834237933159, 0.0016710619674995542, 0.0016575440531596541, 0.0016517997719347477, 0.0015910385409370065, 0.0015843322034925222, 0.0015715446788817644, 0.00154601177200675, 0.0015182315837591887, 0.0015175477601587772, 0.0015016456600278616, 0.0014774297596886754, 0.001471259049139917, 0.0014477410586550832, 0.0014206275809556246, 0.0014108124887570739, 0.0014096129452809691, 0.0013968104030936956, 0.0013403692282736301]}