{"top_heads": [[14, 8], [24, 5], [21, 20], [26, 11], [27, 15], [27, 0], [15, 5], [14, 4], [19, 2], [14, 22], [27, 5], [17, 15], [26, 16], [12, 21], [27, 10], [24, 15], [18, 9], [27, 1], [22, 15], [26, 21], [27, 20], [9, 13], [16, 17], [12, 13], [14, 18], [11, 15], [21, 2], [15, 18], [23, 22], [12, 8], [13, 10], [9, 0], [12, 0], [26, 22], [9, 9], [27, 23], [23, 11], [13, 16], [10, 5], [26, 8], [11, 11], [19, 19], [22, 11], [24, 4], [22, 9], [11, 22], [21, 12], [10, 18], [19, 8], [12, 5], [14, 21], [17, 9], [9, 3], [16, 14], [25, 15], [17, 8], [6, 1], [18, 19], [26, 19], [8, 12], [22, 5], [9, 21], [21, 13], [27, 16], [14, 1], [4, 8], [21, 15], [8, 23], [12, 12], [15, 19], [8, 17], [26, 9], [22, 3], [18, 16], [14, 2], [24, 22], [24, 12], [19, 21], [10, 10], [23, 9], [18, 10], [24, 17], [8, 3], [26, 18], [18, 1], [9, 15], [20, 9], [18, 8], [22, 10], [21, 19], [7, 14], [17, 11], [13, 22], [20, 4], [15, 11], [21, 10], [12, 19], [23, 15], [26, 2], [21, 17]], "top_head_effects": [-0.004268045537173748, -0.003672870574519038, -0.003554086433723569, -0.0031323896255344152, -0.003111298196017742, -0.002971585374325514, -0.0029611752834171057, -0.0028798896819353104, -0.0027687193360179663, -0.002720389049500227, -0.002438236027956009, -0.0024204442743211985, -0.002254408085718751, -0.0019792052917182446, -0.0017708250088617206, -0.0016234705690294504, -0.00157247856259346, -0.0015623433282598853, -0.0014281070325523615, -0.0014157735276967287, -0.001284586382098496, -0.0012652484001591802, -0.001245024148374796, -0.0012447951594367623, -0.0012098540319129825, -0.0012056435225531459, -0.0012030276702716947, -0.001195402117446065, -0.0011560145067051053, -0.0011488009477034211, -0.0011188151547685266, -0.0010568754514679313, -0.0010528162820264697, -0.0010156951611861587, -0.001000697840936482, -0.0009567295201122761, -0.0009565262007527053, -0.0009441565489396453, -0.0009425596217624843, -0.000872960954438895, -0.0008383966633118689, -0.0008382095256820321, -0.0008138371631503105, -0.0008068489842116833, -0.0007834670832380652, -0.0007778145372867584, -0.0007703709416091442, -0.0007681639981456101, -0.0007415420259349048, -0.0007026824750937521, -0.0006901769083924592, -0.0006883362075313926, -0.0006678624195046723, -0.0006474581314250827, -0.0006191939464770257, -0.0006186118698678911, -0.0006160326302051544, -0.0006146009545773268, -0.0006079454906284809, -0.0006028718198649585, -0.0005961426068097353, -0.0005927634774707258, -0.0005853820475749671, -0.000584566208999604, -0.0005612227832898498, -0.0005527923931367695, -0.000531587575096637, -0.0005297584575600922, -0.0005055071087554097, -0.0004845757794100791, -0.00048454757779836655, -0.0004843248170800507, -0.00047475198516622186, -0.00046740719699300826, -0.0004638117097783834, -0.00046135776210576296, -0.0004487937840167433, -0.0004417849122546613, -0.000441278622020036, -0.00044061310472898185, -0.0004363642365206033, -0.00042332615703344345, -0.00041203672299161553, -0.00040940847247838974, -0.00040146743413060904, -0.00039492137148045003, -0.00039217612356878817, -0.0003884913166984916, -0.0003856901021208614, -0.00038451317232102156, -0.0003632214793469757, -0.00034672304173000157, -0.00033517018891870975, -0.00033148578950203955, -0.00032901728991419077, -0.00032188414479605854, -0.0003208107082173228, -0.0003175630699843168, -0.0003142741334158927, -0.0003134947910439223]}