{"top_heads": [[20, 34], [16, 11], [21, 35], [38, 13], [18, 37], [34, 2], [14, 25], [15, 9], [28, 22], [15, 23], [17, 28], [17, 16], [15, 12], [16, 17], [37, 8], [20, 24], [18, 6], [21, 13], [39, 32], [37, 4], [16, 30], [17, 39], [14, 34], [13, 16], [15, 34], [39, 14], [17, 21], [12, 13], [21, 34], [13, 34], [39, 27], [15, 32], [13, 7], [13, 23], [19, 18], [11, 6], [21, 29], [17, 6], [15, 6], [39, 23], [19, 25], [33, 24], [16, 31], [23, 13], [38, 28], [19, 7], [20, 19], [17, 27], [20, 1], [19, 2], [13, 33], [21, 5], [12, 31], [14, 29], [29, 12], [10, 23], [37, 35], [25, 18], [20, 30], [13, 11], [12, 33], [38, 9], [18, 12], [22, 27], [19, 4], [14, 7], [12, 18], [18, 2], [39, 35], [28, 8], [18, 0], [39, 18], [39, 1], [32, 35], [16, 37], [19, 39], [20, 18], [39, 22], [10, 10], [39, 30], [39, 4], [18, 38], [39, 9], [11, 21], [23, 1], [13, 2], [17, 5], [17, 38], [12, 27], [28, 20], [10, 38], [28, 5], [38, 31], [39, 37], [36, 3], [35, 30], [9, 4], [37, 15], [17, 31], [26, 5]], "top_head_effects": [-0.00524187320843339, -0.0038605963345617056, -0.003718905383720994, -0.0035682159941643476, -0.003541999962180853, -0.0034260032698512077, -0.0030961197335273027, -0.003080999245867133, -0.0030530143994838, -0.003045929130166769, -0.0030041197314858437, -0.0026302237529307604, -0.0025189293082803488, -0.0022474098950624466, -0.002229569014161825, -0.0022132289595901966, -0.002010525669902563, -0.001918899011798203, -0.0018889548955485225, -0.0018190550617873669, -0.0017269090749323368, -0.001704060472548008, -0.0015741930110380054, -0.001524325110949576, -0.0014578548725694418, -0.001455246820114553, -0.0014388333074748516, -0.0014142573345452547, -0.0013949755812063813, -0.0013831349788233638, -0.0013563022948801517, -0.0012901859590783715, -0.0012210952118039131, -0.001173251774162054, -0.001168777933344245, -0.0011473046615719795, -0.0010943581582978368, -0.0010825371136888862, -0.0010609736200422049, -0.000954146555159241, -0.0009525386849418283, -0.0009355834918096662, -0.0009089748491533101, -0.0008951154304668307, -0.0008640637970529497, -0.0008483362034894526, -0.0008469935855828226, -0.0008401222294196486, -0.000825206283479929, -0.0008065946167334914, -0.0007698230328969657, -0.0007572464528493583, -0.0007313804235309362, -0.0006991943228058517, -0.0006976538570597768, -0.0006896136328577995, -0.0006823939038440585, -0.0006810015765950084, -0.0006711255409754813, -0.0006282890681177378, -0.0006231375155039132, -0.0006176470778882504, -0.000607048103120178, -0.0006060607847757638, -0.0005906502483412623, -0.0005882101831957698, -0.0005847212160006166, -0.000579800340346992, -0.0005652501131407917, -0.000562808068934828, -0.0005554560339078307, -0.0005505793960765004, -0.00054611248197034, -0.0005459675448946655, -0.0005426618154160678, -0.0005417636130005121, -0.000541362795047462, -0.0005253335693851113, -0.0005150206270627677, -0.0005083304131403565, -0.0004976508789695799, -0.0004918790073134005, -0.0004846488300245255, -0.00048304596566595137, -0.000469881430035457, -0.0004689888737630099, -0.00046782297431491315, -0.00046709642629139125, -0.00046045976341702044, -0.0004501616640482098, -0.0004495655302889645, -0.0004492748703341931, -0.00044875842286273837, -0.00044003038783557713, -0.0004254095838405192, -0.00042341655353084207, -0.00042123757884837687, -0.00042078105616383255, -0.0004156045615673065, -0.0004129527951590717]}