{"top_heads": [[12, 20], [14, 1], [14, 12], [19, 7], [10, 22], [15, 4], [14, 14], [9, 19], [14, 6], [14, 7], [19, 1], [15, 7], [23, 10], [13, 14], [17, 17], [15, 9], [13, 8], [12, 3], [14, 2], [13, 4], [26, 14], [12, 23], [10, 23], [13, 15], [19, 6], [14, 5], [27, 7], [8, 2], [24, 21], [18, 6], [13, 6], [16, 21], [17, 0], [27, 11], [22, 17], [6, 1], [18, 20], [12, 12], [14, 22], [12, 17], [14, 15], [13, 17], [13, 23], [10, 12], [15, 3], [11, 21], [26, 19], [26, 20], [11, 16], [27, 17], [11, 6], [13, 3], [13, 2], [12, 22], [26, 23], [11, 2], [16, 22], [11, 22], [13, 7], [16, 15], [14, 18], [27, 18], [25, 23], [19, 0], [27, 9], [23, 0], [17, 9], [26, 8], [14, 16], [21, 1], [26, 6], [16, 11], [9, 23], [11, 11], [21, 14], [10, 3], [16, 9], [25, 8], [12, 2], [23, 2], [12, 16], [12, 10], [17, 11], [11, 0], [11, 8], [19, 13], [15, 18], [26, 13], [19, 3], [9, 17], [11, 1], [10, 4], [27, 21], [15, 8], [25, 7], [7, 17], [13, 10], [17, 14], [23, 17], [15, 12]], "top_head_effects": [0.10709533095359802, 0.04294891655445099, 0.036618683487176895, 0.014926012605428696, 0.010364056564867496, 0.010216306895017624, 0.008447238244116306, 0.007861750200390816, 0.005509690847247839, 0.005464181769639254, 0.0054021067917346954, 0.004592443350702524, 0.004248071927577257, 0.0037175745237618685, 0.0036973326932638884, 0.0030721083749085665, 0.003024273319169879, 0.002999440999701619, 0.00292201922275126, 0.002908307360485196, 0.002845710376277566, 0.0028332930523902178, 0.0024996045976877213, 0.0024800945539027452, 0.00242462451569736, 0.0022895634174346924, 0.0022875035647302866, 0.002197343623265624, 0.0021856457460671663, 0.0021098570432513952, 0.0020807739347219467, 0.0020635100081562996, 0.002057526260614395, 0.0020141098648309708, 0.0018923539901152253, 0.001564941368997097, 0.0015564776258543134, 0.0015003654407337308, 0.001480021164752543, 0.0013576085912063718, 0.0013143037213012576, 0.001260143588297069, 0.0011104447767138481, 0.0010894049191847444, 0.0010686340974643826, 0.0010625957511365414, 0.0010038232430815697, 0.001002222765237093, 0.000963847094681114, 0.0008398313075304031, 0.0008133656228892505, 0.0007900609052740037, 0.000764939293731004, 0.0007393510895781219, 0.0007377453148365021, 0.0007217192905955017, 0.0006951128598302603, 0.0006911142263561487, 0.00067972979741171, 0.0006540116737596691, 0.000646737520582974, 0.0006453665555454791, 0.0006263359682634473, 0.0006108558154664934, 0.0005910969921387732, 0.0005742981447838247, 0.0005041471449658275, 0.00047089302097447217, 0.0004615377401933074, 0.0004593163321260363, 0.0004373576957732439, 0.00043397917761467397, 0.0004336606652941555, 0.00043207945418544114, 0.0004285908362362534, 0.0004241621645633131, 0.0004170921165496111, 0.00040706750587560236, 0.0003978038439527154, 0.0003960736794397235, 0.00038915997720323503, 0.0003801388666033745, 0.0003721115936059505, 0.0003695569757837802, 0.0003657252818811685, 0.0003608244878705591, 0.0003514396958053112, 0.0003387895703781396, 0.0003338571696076542, 0.0003337657544761896, 0.0003331205516587943, 0.00031942789792083204, 0.0003174248558934778, 0.000309272320009768, 0.0003049256338272244, 0.0003003076126333326, 0.0002916261146310717, 0.0002739986521191895, 0.0002664261555764824, 0.00026369187980890274]}