{"top_heads": [[15, 4], [23, 10], [14, 16], [14, 6], [12, 16], [13, 11], [19, 1], [27, 11], [14, 20], [13, 17], [12, 3], [12, 17], [12, 6], [14, 5], [19, 7], [15, 20], [13, 9], [18, 6], [14, 7], [22, 17], [9, 12], [12, 23], [18, 11], [27, 17], [27, 7], [13, 18], [13, 3], [15, 3], [8, 13], [24, 21], [16, 9], [17, 17], [14, 12], [13, 15], [12, 2], [26, 23], [27, 18], [9, 4], [24, 16], [11, 8], [27, 2], [11, 17], [13, 4], [11, 7], [9, 2], [10, 12], [26, 10], [12, 22], [19, 3], [18, 20], [13, 8], [17, 10], [9, 10], [27, 6], [17, 2], [13, 19], [27, 3], [12, 1], [13, 1], [12, 11], [26, 20], [13, 23], [9, 14], [14, 11], [16, 21], [8, 14], [14, 17], [23, 13], [11, 16], [23, 0], [26, 3], [19, 6], [12, 10], [10, 4], [11, 0], [11, 6], [11, 12], [14, 9], [13, 14], [11, 4], [15, 10], [27, 19], [19, 13], [9, 1], [8, 5], [8, 20], [3, 11], [10, 1], [7, 12], [3, 16], [10, 0], [11, 23], [26, 6], [9, 22], [12, 20], [9, 6], [16, 11], [5, 13], [6, 4], [12, 15]], "top_head_effects": [0.008028742857277393, 0.00609692232683301, 0.004511188715696335, 0.004160000942647457, 0.0037334058433771133, 0.0037244996055960655, 0.0035810049157589674, 0.003556117182597518, 0.003531791502609849, 0.003419114276766777, 0.0033245848026126623, 0.003155551152303815, 0.0030421337578445673, 0.003019229741767049, 0.0027909500058740377, 0.0024391692131757736, 0.0023260624147951603, 0.0023022338282316923, 0.002225391333922744, 0.0022031108383089304, 0.00199734210036695, 0.0019824407063424587, 0.0019085442181676626, 0.0018923960160464048, 0.001868239138275385, 0.001802054001018405, 0.0015984149649739265, 0.0015802800189703703, 0.0014490517787635326, 0.0014294651336967945, 0.0013883763458579779, 0.0013594339834526181, 0.00131686229724437, 0.0011718322057276964, 0.0011508403113111854, 0.001136314240284264, 0.0011279936879873276, 0.0011184010654687881, 0.0011097773676738143, 0.0010528025450184941, 0.0010397329460829496, 0.0010065590031445026, 0.0009534048731438816, 0.0009334763162769377, 0.00089320755796507, 0.000886489637196064, 0.0008814488537609577, 0.000874109857250005, 0.0008377463673241436, 0.0008279655012302101, 0.0008204931509681046, 0.0008144571911543608, 0.0007774402038194239, 0.0007638996466994286, 0.0007319704745896161, 0.0007284197490662336, 0.0007086069090291858, 0.0007008030661381781, 0.0006904900656081736, 0.0006564971408806741, 0.0006532115512527525, 0.0006484592449851334, 0.0006463478202931583, 0.0006355950026772916, 0.0006309269228950143, 0.0006223105010576546, 0.0006171613931655884, 0.0006030999356880784, 0.0005975424428470433, 0.0005854165647178888, 0.0005826190463267267, 0.000575356010813266, 0.0005576061666943133, 0.0005548928747884929, 0.0005395679036155343, 0.0005375637556426227, 0.0005359564675018191, 0.000534875609446317, 0.0005226286011748016, 0.000521745765581727, 0.0005200480809435248, 0.0005160180735401809, 0.0005075533990748227, 0.00048357550986111164, 0.0004800449823960662, 0.00047231127973645926, 0.0004651435592677444, 0.00045734073501080275, 0.000454778695711866, 0.00044722610618919134, 0.00043770362390205264, 0.00043163521331734955, 0.00042929689516313374, 0.00042527104960754514, 0.0004216013476252556, 0.00041093333857133985, 0.0004020039923489094, 0.00040132892900146544, 0.0003930014790967107, 0.0003872872912324965]}