{"top_heads": [[10, 17], [9, 23], [7, 29], [9, 6], [9, 25], [10, 12], [11, 10], [15, 6], [8, 28], [10, 14], [11, 5], [13, 10], [12, 13], [15, 13], [9, 31], [13, 5], [8, 24], [11, 25], [11, 14], [10, 22], [15, 20], [13, 14], [14, 15], [14, 24], [11, 27], [12, 2], [15, 1], [9, 12], [11, 22], [10, 19], [7, 14], [9, 3], [10, 1], [12, 30], [8, 30], [13, 30], [6, 6], [15, 3], [9, 0], [11, 26], [10, 8], [7, 4], [10, 25], [15, 7], [6, 19], [13, 1], [12, 29], [15, 31], [13, 2], [7, 10], [14, 2], [12, 14], [15, 0], [7, 20], [12, 31], [7, 7], [8, 18], [15, 4], [8, 0], [7, 26], [14, 11], [14, 31], [7, 3], [7, 15], [12, 1], [8, 16], [7, 22], [11, 7], [13, 21], [14, 30], [14, 10], [11, 3], [14, 21], [14, 25], [7, 8], [14, 29], [12, 12], [13, 4], [11, 6], [15, 25], [15, 21], [11, 12], [15, 29], [7, 1], [9, 2], [13, 0], [6, 2], [10, 30], [10, 10], [14, 3], [6, 29], [10, 9], [14, 14], [14, 26], [13, 25], [6, 10], [10, 13], [11, 20], [11, 13], [13, 22]], "top_head_effects": [-0.018244462087750435, -0.013423164375126362, -0.012578143738210201, -0.007089132908731699, -0.005921702366322279, -0.0054443045519292355, -0.004490478429943323, -0.0042846244759857655, -0.0042524379678070545, -0.004219026304781437, -0.004097082652151585, -0.004028166178613901, -0.004006513394415379, -0.0037976447492837906, -0.0033606041688472033, -0.0033216923475265503, -0.0030306957196444273, -0.0028619933873414993, -0.0021877875551581383, -0.0019102590158581734, -0.0017463058466091752, -0.0017438415670767426, -0.0017180884024128318, -0.0016921920469030738, -0.001685634721070528, -0.0016774162650108337, -0.0016137132188305259, -0.0015308497240766883, -0.0012975152349099517, -0.0012695454061031342, -0.0012554377317428589, -0.001251955982297659, -0.001222538179717958, -0.0011649922234937549, -0.0011067852610722184, -0.0010936860926449299, -0.001070168218575418, -0.0010556214256212115, -0.0010426131775602698, -0.0010167071595788002, -0.0009755650535225868, -0.0009741606190800667, -0.0009655239409767091, -0.0008796490728855133, -0.0008103044820018113, -0.000767535762861371, -0.0007501647341996431, -0.000723037461284548, -0.0006885507609695196, -0.0006488962098956108, -0.0006347977905534208, -0.0006343131535686553, -0.0006117039592936635, -0.0006024131434969604, -0.000580048596020788, -0.0005795220495201647, -0.0005784740205854177, -0.0005729260738007724, -0.0005613586981780827, -0.0005524439620785415, -0.0005483859567902982, -0.0005346048274077475, -0.0005012143519707024, -0.00046171536087058485, -0.0004591975884977728, -0.0004533694591373205, -0.0004484176461119205, -0.00043736607767641544, -0.0004337560385465622, -0.00042761044460348785, -0.0004221855488140136, -0.0004024147056043148, -0.00040190096478909254, -0.0003995766455773264, -0.0003969742392655462, -0.00039363186806440353, -0.0003885348851326853, -0.00038676380063407123, -0.00038004471571184695, -0.00037414292455650866, -0.0003741321852430701, -0.0003504964988678694, -0.00034080116893164814, -0.00032498620566911995, -0.00031597077031619847, -0.0003091557009611279, -0.00030882967985235155, -0.0003051659441553056, -0.00029975915094837546, -0.0002954320516437292, -0.0002862348628696054, -0.0002751403662841767, -0.0002748217375483364, -0.00026937160873785615, -0.00026618537958711386, -0.0002432593610137701, -0.0002370939328102395, -0.00022976601030677557, -0.00022380736481864005, -0.0002222363109467551]}