{"top_heads": [[31, 16], [13, 14], [26, 25], [16, 19], [31, 27], [29, 19], [19, 4], [16, 24], [14, 0], [14, 4], [9, 24], [1, 8], [18, 30], [29, 10], [31, 25], [30, 14], [10, 14], [13, 9], [28, 25], [12, 19], [20, 0], [16, 22], [9, 12], [19, 12], [24, 29], [24, 14], [29, 13], [16, 14], [24, 11], [14, 5], [30, 12], [20, 10], [26, 27], [15, 1], [9, 11], [13, 5], [29, 21], [10, 1], [0, 3], [22, 27], [18, 5], [14, 13], [22, 19], [4, 5], [10, 7], [23, 7], [26, 26], [25, 17], [17, 22], [10, 26], [0, 21], [9, 27], [5, 12], [11, 19], [17, 6], [16, 30], [11, 24], [6, 18], [23, 20], [11, 6], [21, 16], [29, 9], [20, 3], [24, 3], [10, 13], [12, 31], [23, 0], [6, 17], [13, 27], [20, 30], [20, 14], [16, 31], [17, 8], [9, 7], [26, 21], [30, 2], [12, 12], [11, 8], [21, 30], [13, 19], [14, 18], [26, 19], [7, 29], [8, 13], [12, 30], [22, 9], [19, 6], [17, 5], [9, 18], [3, 28], [25, 26], [20, 12], [10, 4], [31, 30], [23, 8], [9, 4], [25, 7], [8, 23], [24, 16], [7, 7]], "top_head_effects": [-0.0048322007060050964, -0.004181724973022938, -0.003939737565815449, -0.0031912869308143854, -0.0029567561578005552, -0.002721137832850218, -0.0024152863770723343, -0.0023015032056719065, -0.002200240036472678, -0.0020798363257199526, -0.0020099300891160965, -0.002003532601520419, -0.0018751679453998804, -0.0015953169204294682, -0.001505275839008391, -0.0014699774328619242, -0.001411450793966651, -0.0013301946455612779, -0.0012257063062861562, -0.0012239270145073533, -0.0011221845634281635, -0.001105002244003117, -0.0011023986153304577, -0.0010645206784829497, -0.0010199566604569554, -0.0009991511469706893, -0.0009554261923767626, -0.000952579197473824, -0.0009076123824343085, -0.0008993902010843158, -0.0008886463474482298, -0.0008575085666961968, -0.0008502894779667258, -0.0008371885633096099, -0.0008223138866014779, -0.0008101066341623664, -0.0008096758974716067, -0.0007781522581353784, -0.0007750886143185198, -0.0007649880135431886, -0.0007554046460427344, -0.0007517082267440856, -0.0007473932928405702, -0.0007206009468063712, -0.000717406626790762, -0.0007101553492248058, -0.0007018969627097249, -0.0006964585045352578, -0.0006766843143850565, -0.0006690711597912014, -0.0006520292954519391, -0.0006462029414251447, -0.000617153593339026, -0.0005996188847348094, -0.0005994124803692102, -0.000575918355025351, -0.000532898644451052, -0.0005174350808374584, -0.0005173132522031665, -0.0005172441597096622, -0.0005139245768077672, -0.0005063085118308663, -0.0005054285284131765, -0.0004887912655249238, -0.00047923612874001265, -0.0004738013376481831, -0.0004724333412013948, -0.00047064138925634325, -0.00046790295164100826, -0.00046547959209419787, -0.00045051780762150884, -0.0004450302803888917, -0.0004401206970214844, -0.0004338209982961416, -0.0004332917742431164, -0.00042983097955584526, -0.00042943956214003265, -0.0004238900728523731, -0.00041908962884917855, -0.00041828682878986, -0.0004131826863158494, -0.00040707638254389167, -0.0003925382625311613, -0.00038853342994116247, -0.000387658947147429, -0.00038577220402657986, -0.0003784382715821266, -0.0003777755191549659, -0.00037508594687096775, -0.0003727773146238178, -0.0003680748923216015, -0.00036532635567709804, -0.00035535823553800583, -0.00035460651270113885, -0.00035453311284072697, -0.00035179799306206405, -0.00034103140933439136, -0.000339753256412223, -0.00033775580232031643, -0.0003326856531202793]}