{"top_heads": [[13, 13], [12, 17], [14, 34], [15, 38], [19, 36], [10, 15], [19, 2], [13, 4], [13, 23], [18, 22], [18, 11], [23, 36], [14, 7], [21, 7], [17, 7], [12, 8], [17, 9], [11, 31], [17, 18], [15, 36], [13, 14], [14, 39], [8, 23], [19, 14], [38, 29], [39, 13], [16, 9], [21, 32], [14, 23], [10, 18], [15, 18], [15, 31], [26, 35], [16, 16], [14, 16], [5, 32], [20, 12], [15, 32], [9, 31], [15, 2], [39, 14], [18, 18], [13, 12], [21, 2], [15, 27], [11, 27], [20, 21], [15, 7], [20, 29], [11, 17], [21, 30], [35, 16], [15, 17], [16, 19], [13, 17], [32, 19], [13, 34], [25, 5], [18, 17], [17, 28], [19, 7], [14, 13], [16, 23], [18, 20], [13, 25], [15, 25], [9, 20], [19, 13], [14, 8], [17, 35], [34, 6], [38, 10], [11, 9], [19, 6], [15, 22], [23, 18], [13, 24], [16, 10], [16, 32], [39, 7], [14, 27], [11, 23], [29, 27], [38, 31], [19, 3], [36, 23], [34, 21], [10, 31], [18, 15], [13, 27], [6, 20], [14, 0], [38, 14], [30, 24], [14, 6], [25, 27], [14, 29], [9, 28], [14, 20], [13, 20]], "top_head_effects": [0.03099205531179905, 0.03023211471736431, 0.019039131700992584, 0.016620060428977013, 0.011825073510408401, 0.011197703890502453, 0.010140241123735905, 0.010101274587213993, 0.008115367963910103, 0.006730843335390091, 0.00601236755028367, 0.005958502646535635, 0.005718441680073738, 0.004063620697706938, 0.003979399334639311, 0.003280826611444354, 0.003263477934524417, 0.0032367855310440063, 0.0031097913160920143, 0.003061516908928752, 0.002574632875621319, 0.0025201698299497366, 0.0024890799541026354, 0.0022682591807097197, 0.002087102271616459, 0.0020848566200584173, 0.0020744616631418467, 0.0020163755398243666, 0.0018575851572677493, 0.00175564328674227, 0.0017542861169204116, 0.0017201070440933108, 0.0015588277019560337, 0.0015308555448427796, 0.0014895154163241386, 0.00148266542237252, 0.0014399755746126175, 0.0014153792290017009, 0.001405126298777759, 0.0014044344425201416, 0.0013844867935404181, 0.0012771562905982137, 0.001197521691210568, 0.0011884557316079736, 0.0011689261300489306, 0.0011497102677822113, 0.0011471955804154277, 0.000994211877696216, 0.0009686825214885175, 0.0009581260965205729, 0.0009426041506230831, 0.0009295429917983711, 0.0009283042163588107, 0.0009051641100086272, 0.0008859709487296641, 0.0008792081498540938, 0.0008544077281840146, 0.0008280849433504045, 0.0008087166934274137, 0.0007543460815213621, 0.0007243696600198746, 0.0006525502540171146, 0.0006310245371423662, 0.0006194307352416217, 0.0006168439867906272, 0.0006064820918254554, 0.0005817532073706388, 0.0005805505788885057, 0.0005784322856925428, 0.0005731494748033583, 0.0005647930665872991, 0.0005517351091839373, 0.0005321686621755362, 0.0005312619614414871, 0.0005279098986648023, 0.0005173705285415053, 0.0005127123440615833, 0.0005067051388323307, 0.00048109027557075024, 0.000476622226415202, 0.00047347182407975197, 0.00047125216224230826, 0.0004682815633714199, 0.00046094649587757885, 0.0004597877850756049, 0.000459109665825963, 0.0004461247008293867, 0.00044028356205672026, 0.00043805595487356186, 0.00043407510383985937, 0.00043092702981084585, 0.00042597181163728237, 0.00042087817564606667, 0.00041725646588020027, 0.0004170213360339403, 0.0004162693803664297, 0.00040145553066395223, 0.00039536794065497816, 0.00039262964855879545, 0.00038909821887500584]}