{"top_heads": [[15, 20], [10, 21], [15, 7], [14, 15], [10, 17], [12, 13], [10, 23], [15, 1], [15, 13], [10, 11], [15, 14], [14, 2], [15, 4], [9, 12], [9, 6], [15, 31], [14, 29], [15, 6], [7, 25], [15, 0], [14, 11], [9, 1], [8, 23], [14, 24], [13, 10], [11, 10], [15, 8], [14, 22], [15, 21], [14, 30], [7, 13], [15, 22], [10, 12], [13, 20], [10, 25], [11, 14], [7, 3], [14, 31], [8, 14], [15, 29], [14, 12], [7, 5], [9, 8], [15, 25], [8, 28], [12, 1], [13, 14], [15, 30], [7, 22], [13, 29], [7, 24], [11, 5], [10, 19], [6, 30], [14, 3], [15, 16], [14, 28], [5, 7], [15, 17], [7, 19], [9, 25], [13, 31], [6, 13], [13, 2], [12, 29], [13, 5], [13, 1], [5, 0], [8, 21], [14, 20], [8, 19], [12, 14], [12, 20], [6, 28], [12, 31], [6, 5], [10, 13], [10, 14], [6, 27], [6, 25], [15, 3], [6, 23], [13, 27], [13, 13], [1, 26], [6, 16], [6, 2], [14, 21], [8, 1], [8, 7], [12, 25], [13, 0], [8, 6], [15, 27], [8, 30], [2, 26], [12, 22], [2, 20], [11, 21], [8, 17]], "top_head_effects": [-0.009399556554853916, -0.009102520532906055, -0.0074813454411923885, -0.00649138493463397, -0.0053754281252622604, -0.005353511776775122, -0.004546208772808313, -0.004406998865306377, -0.0041802190244197845, -0.004178277682512999, -0.003809283720329404, -0.0037456094287335873, -0.0034488700330257416, -0.0034139312338083982, -0.003356132423505187, -0.0033289880957454443, -0.0032749257516115904, -0.003195808734744787, -0.0031894908752292395, -0.0031384406611323357, -0.0029701730236411095, -0.0029503670521080494, -0.002908138558268547, -0.0029008404817432165, -0.0028519846964627504, -0.0028041168116033077, -0.0027623504865914583, -0.002696551848202944, -0.0025271608028560877, -0.0024643326178193092, -0.002372605726122856, -0.0022274593356996775, -0.002147479448467493, -0.0021046344190835953, -0.002088483888655901, -0.0020198128186166286, -0.0019342182204127312, -0.001862271805293858, -0.0018195995362475514, -0.0018167023081332445, -0.0018082420574501157, -0.0017837620107457042, -0.001656262087635696, -0.0016529473941773176, -0.0015710147563368082, -0.0015705130062997341, -0.0014229250373318791, -0.0013700805138796568, -0.0013357480056583881, -0.0013195071369409561, -0.0012792815687134862, -0.0012637835461646318, -0.0012275708140805364, -0.001217024284414947, -0.0012117105070501566, -0.00118134671356529, -0.0011730155674740672, -0.0011022289982065558, -0.0010561790550127625, -0.0010388698428869247, -0.001038608024828136, -0.0010217587696388364, -0.000988335465081036, -0.0009701411472633481, -0.0009257677011191845, -0.0009036904666572809, -0.0008529474143870175, -0.0008311481797136366, -0.0008037395891733468, -0.0007969899452291429, -0.0007955562323331833, -0.0007879590266384184, -0.0007569311419501901, -0.0007169215241447091, -0.0007106049451977015, -0.0007071029976941645, -0.0006977401790209115, -0.0006930170929990709, -0.0006819727132096887, -0.000659462995827198, -0.0006565909716300666, -0.0006513713742606342, -0.0006295693456195295, -0.0006240924121811986, -0.0006040989537723362, -0.0006000982248224318, -0.0005795074976049364, -0.0005564497550949454, -0.0005245305364951491, -0.0005102109862491488, -0.0005041378899477422, -0.0004995138151571155, -0.0004971414455212653, -0.0004600605752784759, -0.00043967951205559075, -0.0004174472123850137, -0.00039494354859925807, -0.00036884917062707245, -0.00036787157296203077, -0.00036373111652210355]}