{"top_heads": [[14, 16], [12, 6], [15, 4], [13, 17], [12, 16], [14, 20], [12, 3], [13, 3], [13, 11], [19, 7], [14, 6], [19, 1], [14, 7], [12, 17], [23, 10], [13, 9], [11, 3], [15, 3], [11, 17], [12, 1], [13, 5], [15, 20], [13, 18], [18, 6], [27, 11], [13, 2], [13, 23], [13, 4], [27, 7], [12, 23], [14, 5], [27, 17], [9, 12], [15, 18], [12, 2], [13, 19], [22, 17], [18, 20], [11, 7], [11, 23], [14, 17], [26, 23], [11, 19], [9, 23], [16, 6], [11, 16], [12, 22], [11, 4], [8, 11], [14, 9], [16, 9], [11, 18], [27, 2], [11, 8], [13, 1], [24, 16], [24, 21], [10, 11], [9, 16], [17, 17], [14, 3], [12, 9], [27, 18], [10, 12], [14, 11], [13, 8], [16, 15], [15, 2], [14, 12], [10, 18], [26, 10], [9, 1], [27, 19], [12, 10], [15, 22], [12, 11], [16, 21], [19, 3], [26, 3], [9, 14], [27, 9], [10, 1], [25, 23], [13, 7], [23, 13], [16, 11], [9, 6], [10, 4], [12, 7], [8, 18], [18, 1], [27, 3], [9, 22], [11, 6], [15, 15], [12, 18], [9, 10], [14, 19], [26, 20], [19, 11]], "top_head_effects": [0.018089916557073593, 0.01184753980487585, 0.010944857262074947, 0.009659677743911743, 0.008593140169978142, 0.008113753981888294, 0.0073178960010409355, 0.007039949297904968, 0.007039043121039867, 0.006908333394676447, 0.006712965667247772, 0.006057189777493477, 0.005021134857088327, 0.0048606968484818935, 0.004528186284005642, 0.004340031649917364, 0.004322766326367855, 0.004212627653032541, 0.003832949325442314, 0.003769002156332135, 0.003572865156456828, 0.0034071365371346474, 0.003276680363342166, 0.003266699844971299, 0.0032508030999451876, 0.0030125391203910112, 0.0026171309873461723, 0.0025376714766025543, 0.002400915138423443, 0.002324475208297372, 0.002323153428733349, 0.0023191096261143684, 0.0021959743462502956, 0.0021223684307187796, 0.0021114246919751167, 0.0020733987912535667, 0.0020626233890652657, 0.002001382876187563, 0.0019980696961283684, 0.0019749263301491737, 0.0019525403622537851, 0.0019090623827651143, 0.0018451778450980783, 0.0018341050017625093, 0.0018285849364474416, 0.0018125087954103947, 0.001773914322257042, 0.0017235620180144906, 0.0016823105979710817, 0.0016114156460389495, 0.0015929584624245763, 0.0015728288562968373, 0.0015057111158967018, 0.0014872781466692686, 0.0014672457473352551, 0.0014513019705191255, 0.0014416786143556237, 0.0013622799888253212, 0.0013596174539998174, 0.0013477732427418232, 0.001240614801645279, 0.001204523490741849, 0.0012016284745186567, 0.0011987285688519478, 0.001167943817563355, 0.0011382055236026645, 0.0011132026556879282, 0.0010499850613996387, 0.0010483168298378587, 0.0010139814112335443, 0.0009474727557972074, 0.0009420454734936357, 0.0009393654181621969, 0.0009265252738259733, 0.0009183794027194381, 0.0009169949335046113, 0.0008912369376048446, 0.0008781288051977754, 0.0008638331783004105, 0.0008539675618521869, 0.0008412004681304097, 0.0008350700954906642, 0.0008279228932224214, 0.0008159307762980461, 0.0007730349316261709, 0.0007673607906326652, 0.00076284259557724, 0.0007613201159983873, 0.0007600458920933306, 0.0007496709004044533, 0.000748399761505425, 0.0007397984736599028, 0.0007118441862985492, 0.0007074713357724249, 0.0007031969726085663, 0.0006960289902053773, 0.0006933132535777986, 0.0006701668025925756, 0.000669454166200012, 0.0006566052325069904]}