{"top_heads": [[9, 8], [7, 28], [7, 5], [9, 16], [7, 30], [10, 16], [7, 6], [7, 9], [9, 7], [10, 23], [8, 31], [8, 23], [8, 11], [10, 27], [10, 20], [10, 18], [12, 3], [9, 13], [9, 18], [10, 15], [9, 10], [11, 8], [13, 11], [13, 23], [8, 22], [8, 10], [6, 4], [15, 5], [15, 12], [9, 27], [8, 6], [11, 9], [5, 11], [8, 29], [8, 19], [9, 9], [7, 11], [8, 5], [11, 4], [7, 25], [14, 16], [10, 26], [15, 15], [7, 13], [8, 4], [9, 24], [9, 5], [8, 27], [8, 12], [14, 27], [8, 9], [9, 4], [9, 26], [9, 15], [15, 2], [15, 28], [14, 4], [8, 3], [7, 2], [5, 10], [14, 13], [14, 8], [11, 21], [9, 14], [9, 29], [12, 9], [11, 23], [14, 0], [8, 21], [5, 23], [8, 14], [10, 11], [11, 24], [12, 15], [7, 23], [9, 1], [8, 15], [9, 21], [14, 19], [15, 24], [6, 8], [9, 20], [8, 13], [15, 14], [15, 18], [6, 11], [9, 22], [11, 11], [13, 7], [6, 24], [6, 5], [13, 9], [14, 6], [8, 2], [6, 30], [10, 21], [11, 1], [13, 29], [5, 8], [7, 24]], "top_head_effects": [0.10633280873298645, 0.05734212324023247, 0.04668644070625305, 0.03745575249195099, 0.02816716395318508, 0.022927165031433105, 0.018706640228629112, 0.01201391126960516, 0.010101205669343472, 0.008318503387272358, 0.007583723869174719, 0.0058969128876924515, 0.005771499127149582, 0.005456229206174612, 0.005445245187729597, 0.005243614315986633, 0.005016384180635214, 0.0043190172873437405, 0.004229152109473944, 0.004159921780228615, 0.003612740198150277, 0.0035412758588790894, 0.003466106951236725, 0.0034223056863993406, 0.0028462589252740145, 0.0027615006547421217, 0.0026347425300627947, 0.0025173311587423086, 0.002368902089074254, 0.0023032650351524353, 0.002210685284808278, 0.002199714770540595, 0.0021628958638757467, 0.002006648341193795, 0.001848546788096428, 0.0018184423679485917, 0.0018075642874464393, 0.0017485176213085651, 0.0016848320374265313, 0.0016455721342936158, 0.001567432307638228, 0.00156480073928833, 0.0015640687197446823, 0.0014142562868073583, 0.001387164113111794, 0.0013826003996655345, 0.0013579538790509105, 0.0013205254217609763, 0.0013025758089497685, 0.00129080715123564, 0.0012682898668572307, 0.0012565813958644867, 0.0012459865538403392, 0.0011480703251436353, 0.001056848093867302, 0.0010191582841798663, 0.0009425554890185595, 0.0008832602179609239, 0.0008371073636226356, 0.0008336692117154598, 0.0008298161556012928, 0.0007972968742251396, 0.0007787818904034793, 0.0007708887569606304, 0.0007474969606846571, 0.0007397024310193956, 0.0007394382846541703, 0.0007304626051336527, 0.0007179910317063332, 0.0006878913263790309, 0.0006678425124846399, 0.0006626694812439382, 0.0006377196405082941, 0.000634512456599623, 0.0006336080841720104, 0.0006332537159323692, 0.0005923202843405306, 0.0005625321646220982, 0.0005446181748993695, 0.0005333303124643862, 0.0004978366196155548, 0.00046626024413853884, 0.0004586321592796594, 0.0004486523102968931, 0.00043924187775701284, 0.00042974273674190044, 0.00042026504524983466, 0.00041777899605222046, 0.0003922747855540365, 0.00036973253008909523, 0.00035607980680651963, 0.00035599619150161743, 0.00034938877797685564, 0.0003239080833736807, 0.00031924594077281654, 0.0003174452867824584, 0.00031442579347640276, 0.0003028814971912652, 0.00030041331774555147, 0.0002983056765515357]}