{"top_heads": [[13, 27], [16, 29], [15, 17], [15, 16], [15, 1], [21, 10], [16, 28], [10, 5], [15, 28], [10, 7], [15, 2], [11, 30], [14, 11], [17, 5], [30, 16], [14, 6], [9, 25], [17, 8], [22, 19], [21, 2], [10, 12], [11, 29], [19, 23], [31, 14], [31, 31], [26, 15], [9, 27], [15, 7], [13, 6], [16, 19], [11, 16], [14, 21], [14, 19], [28, 15], [15, 5], [13, 24], [15, 8], [10, 14], [15, 19], [21, 9], [12, 29], [13, 22], [15, 21], [14, 4], [18, 22], [25, 23], [11, 28], [14, 29], [30, 13], [12, 23], [16, 17], [11, 0], [27, 28], [15, 9], [18, 29], [20, 27], [12, 3], [13, 2], [31, 11], [12, 0], [12, 15], [13, 1], [13, 31], [6, 31], [8, 1], [19, 0], [14, 20], [16, 2], [13, 23], [14, 27], [30, 11], [22, 16], [15, 20], [12, 1], [14, 10], [31, 15], [31, 5], [9, 29], [31, 24], [11, 6], [30, 19], [6, 2], [19, 3], [8, 3], [17, 4], [30, 31], [10, 19], [31, 12], [7, 22], [19, 13], [14, 12], [27, 29], [11, 2], [30, 27], [12, 25], [22, 30], [20, 8], [18, 20], [6, 28], [12, 11]], "top_head_effects": [0.0769898071885109, 0.02823621965944767, 0.027766337618231773, 0.022829987108707428, 0.019122280180454254, 0.015907101333141327, 0.014210917055606842, 0.009170155972242355, 0.008345510810613632, 0.008138418197631836, 0.007449492812156677, 0.00737625639885664, 0.006300235167145729, 0.0060975076630711555, 0.005850356072187424, 0.005735010374337435, 0.005160143598914146, 0.005117812659591436, 0.004817642737179995, 0.004781503230333328, 0.004382005427032709, 0.004008679185062647, 0.0038199934642761946, 0.0037025820929557085, 0.0036751460283994675, 0.0035953212063759565, 0.003407259937375784, 0.0033281955402344465, 0.0031361235305666924, 0.0031133173033595085, 0.003106878139078617, 0.003024247009307146, 0.0029570036567747593, 0.0028483725618571043, 0.0028461539186537266, 0.002764302771538496, 0.0025563028175383806, 0.002472109394147992, 0.0023805657401680946, 0.002368655288591981, 0.0023530356120318174, 0.0021254736930131912, 0.002100608544424176, 0.0020461378153413534, 0.002032147254794836, 0.0019720804411917925, 0.0019538996275514364, 0.0019518667832016945, 0.0019039898179471493, 0.0018593211425468326, 0.0018419758416712284, 0.0018048877827823162, 0.001744289300404489, 0.0016667710151523352, 0.0016142131062224507, 0.0015945167979225516, 0.0015095830895006657, 0.0014647511998191476, 0.0014293581480160356, 0.0014270540559664369, 0.0014108683681115508, 0.0013942951336503029, 0.0013729784404858947, 0.0013327008346095681, 0.001284957048483193, 0.0012742859544232488, 0.0012541383039206266, 0.0012461686274036765, 0.001206086133606732, 0.0012025925097987056, 0.001189192058518529, 0.0011794129386544228, 0.0011738425819203258, 0.0011522846762090921, 0.0011468060547485948, 0.0011267093941569328, 0.0011040689423680305, 0.0010870021069422364, 0.0010698866099119186, 0.0010146059794351459, 0.0009894792456179857, 0.00098792917560786, 0.000986341037787497, 0.0008775270543992519, 0.0008661427418701351, 0.0008526381570845842, 0.0008507538586854935, 0.0008436437929049134, 0.0007812465773895383, 0.0007469209958799183, 0.0007197727099992335, 0.0007142854738049209, 0.0007056869799271226, 0.0006983354105614126, 0.00067999615566805, 0.000652749149594456, 0.0006523401825688779, 0.0006409226916730404, 0.0006402020226232708, 0.0006305575370788574]}