{"top_heads": [[12, 17], [13, 13], [14, 34], [15, 38], [10, 15], [13, 4], [13, 23], [14, 7], [19, 36], [19, 2], [8, 23], [14, 39], [18, 11], [15, 36], [17, 9], [18, 22], [12, 8], [13, 14], [19, 14], [9, 31], [17, 7], [16, 9], [11, 31], [17, 18], [23, 36], [15, 31], [10, 18], [39, 13], [5, 32], [15, 32], [21, 7], [14, 16], [15, 2], [14, 23], [26, 35], [20, 12], [34, 6], [13, 12], [16, 16], [21, 2], [39, 14], [15, 26], [38, 29], [13, 25], [18, 18], [21, 32], [39, 7], [17, 28], [15, 17], [10, 28], [13, 17], [37, 30], [9, 20], [10, 31], [13, 34], [30, 7], [14, 13], [13, 10], [13, 24], [17, 22], [8, 6], [25, 5], [21, 30], [15, 18], [9, 34], [32, 19], [35, 10], [9, 2], [11, 27], [15, 25], [14, 0], [11, 33], [9, 33], [11, 23], [16, 31], [15, 27], [19, 7], [37, 2], [16, 23], [39, 20], [25, 13], [11, 37], [39, 17], [20, 29], [15, 22], [12, 9], [25, 27], [6, 20], [39, 26], [16, 10], [16, 30], [18, 17], [12, 16], [18, 20], [5, 0], [15, 7], [29, 27], [20, 21], [13, 20], [14, 6]], "top_head_effects": [0.10055480152368546, 0.0950007438659668, 0.07160869985818863, 0.05789509415626526, 0.04040556401014328, 0.03921441733837128, 0.029809774830937386, 0.02774391882121563, 0.024656148627400398, 0.021380143240094185, 0.01617828570306301, 0.015360094606876373, 0.013529635965824127, 0.013292510062456131, 0.012516401708126068, 0.010901005007326603, 0.010278585366904736, 0.010261132381856441, 0.009916474111378193, 0.00965817365795374, 0.009421891532838345, 0.009353247471153736, 0.009143036790192127, 0.008331156335771084, 0.00803905539214611, 0.007677263114601374, 0.007122059818357229, 0.006387107539921999, 0.006348669063299894, 0.006156706716865301, 0.006103381514549255, 0.005800582934170961, 0.005297595635056496, 0.004908138420432806, 0.00485519552603364, 0.004721903707832098, 0.004478134214878082, 0.004332712385803461, 0.004266833886504173, 0.0041902451775968075, 0.004115090239793062, 0.0040040514431893826, 0.003917722962796688, 0.003908522892743349, 0.003738205647096038, 0.0035179865080863237, 0.0033310858998447657, 0.0031530086416751146, 0.002982422010973096, 0.002963033737614751, 0.0028121285140514374, 0.0027553054969757795, 0.002645310712978244, 0.00262459646910429, 0.002569626783952117, 0.0025424822233617306, 0.0025390128139406443, 0.002485537203028798, 0.0024395904038101435, 0.002399357268586755, 0.0023936631623655558, 0.0023741002660244703, 0.0023699805606156588, 0.0023357367608696222, 0.0023341982159763575, 0.0022972095757722855, 0.002289518481120467, 0.0022733723744750023, 0.0022626847494393587, 0.0022327741608023643, 0.0022029734682291746, 0.0021574862767010927, 0.002104403916746378, 0.002081558108329773, 0.002046972746029496, 0.0020387128461152315, 0.0020348147954791784, 0.001970873447135091, 0.0019322955049574375, 0.0019253358477726579, 0.001920474343933165, 0.0018952079117298126, 0.0018938182620331645, 0.0018896618857979774, 0.0018803818384185433, 0.0018745743436738849, 0.0018393928185105324, 0.001833267160691321, 0.0017960226396098733, 0.0017884039552882314, 0.001778623671270907, 0.0017720400355756283, 0.0017663128674030304, 0.0017621373990550637, 0.0017550267511978745, 0.0017396510811522603, 0.0017207781784236431, 0.0016917083412408829, 0.0016757812118157744, 0.0016327803023159504]}