{"top_heads": [[13, 27], [16, 29], [15, 17], [15, 16], [15, 1], [21, 10], [16, 28], [10, 5], [10, 7], [15, 28], [11, 30], [15, 2], [14, 11], [30, 16], [17, 5], [14, 6], [11, 29], [21, 2], [17, 8], [10, 12], [22, 19], [26, 15], [9, 25], [19, 23], [31, 31], [16, 19], [15, 7], [31, 14], [13, 6], [11, 16], [28, 15], [14, 19], [14, 21], [15, 5], [9, 27], [13, 24], [11, 28], [15, 19], [15, 8], [12, 29], [21, 9], [30, 13], [10, 14], [14, 29], [12, 23], [18, 22], [15, 21], [25, 23], [27, 28], [13, 22], [14, 4], [13, 2], [16, 17], [15, 9], [18, 29], [31, 11], [20, 27], [30, 11], [13, 31], [11, 0], [12, 0], [13, 23], [19, 3], [19, 0], [15, 20], [30, 19], [12, 8], [14, 27], [13, 1], [14, 20], [6, 31], [12, 15], [22, 16], [8, 1], [14, 10], [16, 2], [31, 24], [11, 6], [12, 3], [31, 15], [9, 29], [14, 12], [31, 5], [6, 2], [10, 19], [11, 26], [18, 20], [13, 8], [19, 13], [8, 3], [12, 25], [12, 1], [27, 29], [14, 8], [13, 19], [28, 14], [22, 30], [13, 20], [31, 0], [20, 8]], "top_head_effects": [0.07970765233039856, 0.028981078416109085, 0.027580104768276215, 0.023074662312865257, 0.01905948482453823, 0.016228806227445602, 0.014516898430883884, 0.010461816564202309, 0.008186927065253258, 0.00797982420772314, 0.007542694918811321, 0.00705923093482852, 0.006938493344932795, 0.0062154666520655155, 0.005837455857545137, 0.005392025224864483, 0.005368417128920555, 0.0048228963278234005, 0.004803150426596403, 0.004682871513068676, 0.004654416348785162, 0.004328417591750622, 0.004002610221505165, 0.003991242498159409, 0.00397911062464118, 0.003965879790484905, 0.003675024723634124, 0.0036666863597929478, 0.0033988517243415117, 0.0033247137907892466, 0.0031154805328696966, 0.0030419197864830494, 0.0029994805809110403, 0.002971797017380595, 0.0028918918687850237, 0.002592455130070448, 0.002445000922307372, 0.002388875000178814, 0.0023718634620308876, 0.0023427652195096016, 0.0023276107385754585, 0.0023063046392053366, 0.002299235202372074, 0.0021637349855154753, 0.0020332650747150183, 0.0020317374728620052, 0.002028167713433504, 0.0019104777602478862, 0.0018658966291695833, 0.001831808127462864, 0.0017627027118578553, 0.0017595523968338966, 0.001755820936523378, 0.0017555978847667575, 0.0017525434959679842, 0.001716893631964922, 0.0017068535089492798, 0.001578542753122747, 0.0015474024694412947, 0.0015050838701426983, 0.0014761778293177485, 0.0014029141748324037, 0.0013947252882644534, 0.0013747953344136477, 0.0013735915999859571, 0.0013282352592796087, 0.0013001057086512446, 0.0012952707475051284, 0.0012715080520138144, 0.0012437228579074144, 0.001238506636582315, 0.001232330920174718, 0.0012298617511987686, 0.001223449595272541, 0.0011819350766018033, 0.0011485246941447258, 0.001126040704548359, 0.001110479817725718, 0.0011055259965360165, 0.0011049088789150119, 0.0010434907162562013, 0.0009565589716657996, 0.000942413869779557, 0.0009037379641085863, 0.0008632793324068189, 0.000862898479681462, 0.0008517754613421857, 0.000842203211504966, 0.0008323410875163972, 0.0008303328067995608, 0.0008263241616077721, 0.0008236482972279191, 0.0008173352689482272, 0.0008102807332761586, 0.0007811841205693781, 0.0007707569748163223, 0.0007652302738279104, 0.0007508806884288788, 0.000749514380004257, 0.0007259290432557464]}