{"top_heads": [[14, 1], [11, 2], [9, 25], [12, 15], [12, 28], [13, 7], [12, 18], [11, 18], [16, 10], [19, 16], [14, 14], [18, 26], [16, 1], [14, 16], [16, 20], [16, 29], [18, 1], [15, 23], [14, 7], [26, 9], [11, 22], [19, 27], [16, 0], [15, 8], [14, 9], [12, 11], [12, 26], [17, 28], [15, 11], [10, 4], [15, 9], [11, 30], [8, 26], [29, 30], [6, 16], [31, 3], [14, 3], [14, 24], [7, 28], [13, 30], [15, 17], [27, 29], [13, 2], [14, 28], [14, 18], [31, 4], [15, 5], [19, 2], [28, 21], [26, 28], [15, 25], [15, 10], [31, 11], [15, 24], [16, 6], [10, 14], [13, 8], [16, 7], [31, 26], [17, 0], [30, 10], [16, 19], [17, 12], [25, 19], [17, 19], [29, 26], [13, 13], [10, 5], [12, 9], [13, 23], [8, 5], [13, 20], [28, 7], [6, 9], [6, 20], [14, 11], [13, 19], [12, 2], [29, 4], [30, 5], [24, 18], [23, 19], [26, 2], [12, 1], [15, 13], [13, 1], [13, 10], [23, 18], [8, 0], [28, 13], [26, 30], [13, 25], [31, 8], [14, 10], [14, 27], [12, 3], [11, 25], [24, 10], [30, 7], [19, 12]], "top_head_effects": [0.08357468992471695, 0.06932953745126724, 0.0532648004591465, 0.03783264383673668, 0.037438906729221344, 0.03141408413648605, 0.02560165897011757, 0.02409365586936474, 0.018037326633930206, 0.013612775132060051, 0.010951392352581024, 0.010890590026974678, 0.009928488172590733, 0.009701589122414589, 0.007798095233738422, 0.007244511973112822, 0.007171059958636761, 0.0066050696186721325, 0.006287671159952879, 0.005884003825485706, 0.005848319735378027, 0.005627582781016827, 0.005617407616227865, 0.005429099313914776, 0.005174492485821247, 0.0049478826113045216, 0.004758789669722319, 0.0044959238730371, 0.004263116978108883, 0.00422696303576231, 0.004066864959895611, 0.0038979605305939913, 0.0037968126125633717, 0.003748272079974413, 0.003726519178599119, 0.0035944292321801186, 0.0035569281317293644, 0.0034561259672045708, 0.0033964149188250303, 0.00337650696747005, 0.003370656631886959, 0.0032575568184256554, 0.0030910714995115995, 0.0030249597039073706, 0.002991639543324709, 0.0029378999024629593, 0.0027458411641418934, 0.0027337006758898497, 0.0027253401931375265, 0.002702173311263323, 0.0025243056006729603, 0.002496864879503846, 0.0024387487210333347, 0.0023663779720664024, 0.0023572086356580257, 0.002351678442209959, 0.0023362385109066963, 0.0023075288627296686, 0.002176976529881358, 0.0021666164975613356, 0.0021237186156213284, 0.0021118721924722195, 0.0020471883472055197, 0.001965918345376849, 0.0018500365549698472, 0.0018228444969281554, 0.0018004511948674917, 0.0017656749114394188, 0.001754914177581668, 0.0017409593565389514, 0.001738200313411653, 0.0017356793396174908, 0.0017314469441771507, 0.0017241702880710363, 0.0016543921083211899, 0.0016414830461144447, 0.0016123069217428565, 0.0015580877661705017, 0.0014978795079514384, 0.0014456439530476928, 0.0014129411429166794, 0.001412189332768321, 0.001400518580339849, 0.0013946646358817816, 0.001378814922645688, 0.001370594254694879, 0.0013533704914152622, 0.0013005714863538742, 0.001269952510483563, 0.0012320267269387841, 0.001220818841829896, 0.0012055487604811788, 0.0012015844695270061, 0.0011869835434481502, 0.0011380516225472093, 0.0011027839500457048, 0.001094092265702784, 0.0010877660242840648, 0.0010777348652482033, 0.0010705783497542143]}