{"top_heads": [[10, 21], [10, 17], [15, 20], [11, 10], [14, 15], [9, 8], [15, 7], [9, 12], [10, 11], [9, 6], [7, 13], [9, 1], [13, 10], [14, 11], [10, 14], [2, 26], [15, 21], [15, 4], [15, 31], [12, 13], [10, 12], [14, 22], [14, 2], [9, 22], [15, 14], [8, 14], [15, 13], [7, 25], [13, 20], [10, 23], [15, 1], [7, 24], [12, 1], [15, 6], [14, 30], [14, 21], [6, 13], [14, 29], [15, 0], [8, 23], [15, 17], [6, 30], [1, 28], [15, 16], [15, 29], [15, 25], [14, 3], [12, 2], [2, 20], [12, 4], [11, 21], [14, 31], [13, 29], [13, 14], [15, 22], [11, 14], [6, 23], [14, 28], [5, 0], [15, 8], [13, 2], [0, 28], [7, 22], [7, 17], [6, 28], [4, 11], [6, 1], [3, 29], [13, 1], [8, 21], [13, 5], [6, 5], [6, 21], [10, 19], [5, 24], [13, 13], [15, 30], [7, 0], [13, 31], [4, 29], [14, 12], [14, 25], [14, 20], [12, 29], [8, 30], [15, 19], [2, 6], [7, 1], [12, 31], [13, 27], [4, 25], [0, 23], [12, 25], [8, 27], [13, 0], [8, 16], [5, 7], [5, 28], [2, 13], [1, 14]], "top_head_effects": [-0.010151849128305912, -0.009632645174860954, -0.008147360756993294, -0.007008259184658527, -0.006771586369723082, -0.005849430803209543, -0.0054547470062971115, -0.005223338957875967, -0.005101650021970272, -0.00452916556969285, -0.004302887246012688, -0.004217874724417925, -0.003962664399296045, -0.003695217426866293, -0.0033545708283782005, -0.003303493605926633, -0.002988711465150118, -0.0029111907351762056, -0.002896350808441639, -0.0028955405578017235, -0.00279882550239563, -0.0027625621296465397, -0.0027455510571599007, -0.002735466230660677, -0.002649914938956499, -0.0026497601065784693, -0.0025979545898735523, -0.002445436082780361, -0.0024294699542224407, -0.0024122612085193396, -0.002399211982265115, -0.002397748176008463, -0.0022593257017433643, -0.0022224094718694687, -0.0018342096591368318, -0.0017748922109603882, -0.0017471712781116366, -0.0017447849968448281, -0.0016080992063507438, -0.0015715082408860326, -0.001556291477754712, -0.0015354619827121496, -0.0014224238693714142, -0.0014052899787202477, -0.0013949046842753887, -0.001383876777254045, -0.0013834403362125158, -0.0013385411584749818, -0.0012985122157260776, -0.0012897009728476405, -0.0012724539265036583, -0.0012460043653845787, -0.0012407165486365557, -0.0012017966946586967, -0.0012010046048089862, -0.0011862964602187276, -0.0011784513480961323, -0.0011300509795546532, -0.0010902881622314453, -0.0010833037085831165, -0.001050480525009334, -0.001009949715808034, -0.000995982438325882, -0.0009958603186532855, -0.0009566688677296042, -0.0009524468914605677, -0.0009340171818621457, -0.0009323555277660489, -0.0009163257200270891, -0.0009133518906310201, -0.0008917600498534739, -0.0008480234537273645, -0.0008052222547121346, -0.000802163383923471, -0.0007711114012636244, -0.0007544303662143648, -0.0007300006109289825, -0.0007240643026307225, -0.0007186942966654897, -0.0007039941847324371, -0.000693352019879967, -0.0006880590808577836, -0.0006603203946724534, -0.0006583247450180352, -0.0006457965937443078, -0.0005931713385507464, -0.0005889254389330745, -0.0005636945716105402, -0.0005527221946977079, -0.0005468783201649785, -0.0005228043301030993, -0.0005211766692809761, -0.0005091113853268325, -0.000500522437505424, -0.0004961802042089403, -0.0004872674762737006, -0.00046831861254759133, -0.0004531094746198505, -0.0004511264560278505, -0.00044037020415998995]}