{"top_heads": [[19, 36], [19, 13], [16, 9], [15, 2], [30, 24], [15, 4], [9, 30], [11, 17], [13, 25], [14, 39], [15, 19], [17, 30], [39, 13], [21, 7], [16, 39], [12, 5], [16, 32], [22, 10], [19, 6], [20, 21], [17, 9], [12, 35], [18, 17], [20, 11], [21, 2], [13, 0], [11, 24], [15, 7], [17, 4], [13, 35], [12, 24], [17, 5], [16, 5], [35, 16], [16, 19], [13, 36], [18, 16], [14, 20], [7, 5], [25, 25], [17, 19], [34, 6], [16, 24], [13, 39], [18, 19], [14, 27], [22, 1], [15, 17], [14, 10], [12, 29], [16, 8], [16, 3], [10, 24], [15, 29], [20, 12], [11, 0], [14, 23], [15, 25], [18, 22], [15, 39], [17, 7], [17, 37], [39, 7], [16, 2], [39, 21], [18, 26], [14, 13], [39, 14], [15, 27], [21, 39], [23, 36], [15, 16], [11, 5], [16, 21], [16, 10], [15, 0], [14, 18], [17, 3], [14, 30], [14, 1], [13, 17], [13, 21], [6, 18], [11, 16], [13, 22], [21, 32], [17, 11], [19, 33], [18, 12], [29, 27], [13, 5], [35, 29], [25, 5], [36, 11], [14, 15], [16, 18], [25, 2], [9, 1], [13, 12], [10, 12]], "top_head_effects": [0.006986262742429972, 0.00344617641530931, 0.002917142352089286, 0.00230782781727612, 0.0021711394656449556, 0.0020870945882052183, 0.0020669223740696907, 0.002041220897808671, 0.001882022013887763, 0.0018397890962660313, 0.0016060329508036375, 0.0015780797693878412, 0.0015520380111411214, 0.0015054945833981037, 0.0014197452692314982, 0.0013780008303001523, 0.0013598579680547118, 0.0013388512888923287, 0.0013384842313826084, 0.001318285707384348, 0.0013091469882056117, 0.0012137667508795857, 0.0012038563145324588, 0.0011853516334667802, 0.0011424579424783587, 0.0010947291739284992, 0.001086222706362605, 0.0010784721234813333, 0.0010771629167720675, 0.0010763319442048669, 0.001073078135959804, 0.0010080357315018773, 0.0009999795584008098, 0.000992951332591474, 0.0009633838199079037, 0.0009624285157769918, 0.0009396055829711258, 0.0009315001079812646, 0.0009195400634780526, 0.0008942883578129113, 0.0008914070785976946, 0.0008806799305602908, 0.0008759024203754961, 0.0008721424383111298, 0.0008437167853116989, 0.000838162493892014, 0.000836426392197609, 0.0008305688970722258, 0.000804636743851006, 0.0007980052614584565, 0.0007951796869747341, 0.000783886353019625, 0.0007781661697663367, 0.0007698987610638142, 0.0007682930445298553, 0.0007671265630051494, 0.0007601703982800245, 0.000753033091314137, 0.0007457627216354012, 0.0007324913749471307, 0.0007214416982606053, 0.0007209040923044086, 0.0007154232007451355, 0.0006969564128667116, 0.0006922733737155795, 0.0006904468755237758, 0.0006722969701513648, 0.0006662553059868515, 0.0006474914262071252, 0.0006411629146896303, 0.00063047104049474, 0.0006301242974586785, 0.0006293677724897861, 0.0006277792854234576, 0.0006267981952987611, 0.0006055530393496156, 0.0005988831981085241, 0.0005941518465988338, 0.0005661178147420287, 0.0005562289152294397, 0.0005550526548177004, 0.0005504804430529475, 0.0005484938737936318, 0.0005466911243274808, 0.0005445447168312967, 0.0005371373263187706, 0.0005360340001061559, 0.0005354802706278861, 0.0005278151948004961, 0.0005269700195640326, 0.0005206591449677944, 0.0005204628687351942, 0.0005167631315998733, 0.0005105869495309889, 0.0005097973044030368, 0.0005018626688979566, 0.00050119444495067, 0.0004970919690094888, 0.0004911950672976673, 0.0004896816099062562]}