{"top_heads": [[14, 8], [15, 5], [19, 2], [14, 4], [21, 20], [24, 5], [26, 11], [26, 21], [12, 14], [27, 0], [13, 16], [17, 15], [14, 18], [27, 15], [11, 15], [12, 13], [12, 21], [22, 15], [13, 10], [9, 13], [27, 5], [21, 2], [26, 16], [11, 10], [16, 17], [12, 8], [13, 21], [27, 6], [27, 10], [18, 9], [10, 3], [26, 18], [12, 5], [27, 20], [23, 22], [14, 22], [11, 20], [27, 1], [26, 22], [26, 8], [11, 22], [24, 4], [14, 15], [14, 13], [22, 11], [27, 23], [15, 11], [24, 15], [17, 8], [9, 18], [9, 21], [19, 8], [13, 22], [10, 17], [9, 0], [13, 12], [13, 20], [18, 11], [15, 16], [24, 22], [27, 16], [18, 8], [8, 17], [19, 19], [23, 11], [10, 5], [16, 14], [22, 9], [18, 10], [22, 10], [11, 11], [21, 13], [21, 15], [20, 16], [21, 12], [26, 9], [18, 16], [25, 19], [17, 9], [8, 9], [22, 13], [12, 0], [10, 19], [20, 9], [21, 18], [24, 17], [22, 3], [25, 15], [22, 14], [9, 9], [19, 21], [7, 0], [7, 20], [6, 3], [8, 21], [12, 12], [22, 5], [15, 17], [6, 1], [10, 15]], "top_head_effects": [-0.010167907923460007, -0.005023156758397818, -0.004614934325218201, -0.004597329068928957, -0.004506565164774656, -0.004018214996904135, -0.003633149666711688, -0.0030472895596176386, -0.0030423158314079046, -0.0030392815824598074, -0.0030285075772553682, -0.0029472648166120052, -0.0028989193961024284, -0.002858054358512163, -0.0028089771512895823, -0.002596306847408414, -0.002526016440242529, -0.0022760960273444653, -0.0022637303918600082, -0.002195586683228612, -0.0021305102854967117, -0.001996090402826667, -0.001967004965990782, -0.0019603038672357798, -0.0019142556702718139, -0.00187103811185807, -0.001864294521510601, -0.0017486803699284792, -0.0017310576513409615, -0.0017228556098416448, -0.0016502570360898972, -0.0016426777001470327, -0.0016060080379247665, -0.0014609459321945906, -0.0013471480924636126, -0.0013378801522776484, -0.0012994712451472878, -0.0012992586707696319, -0.0012929553631693125, -0.0012510265223681927, -0.001244529732502997, -0.0011524478904902935, -0.001110610319301486, -0.0010778808500617743, -0.00097702257335186, -0.0009413579246029258, -0.00092893693363294, -0.0009175429004244506, -0.0008777453913353384, -0.0008604663889855146, -0.0008499103132635355, -0.0008146967156790197, -0.0007945586112327874, -0.0007903570076450706, -0.0007900744094513357, -0.0007548215216957033, -0.0007506312103942037, -0.0007391175604425371, -0.000688765780068934, -0.0006775485235266387, -0.0006772932247258723, -0.0006319562089629471, -0.0006221957737579942, -0.0006141964113339782, -0.0006067556678317487, -0.0006013853126205504, -0.0005992155056446791, -0.0005929035833105445, -0.0005859351367689669, -0.0005854667397215962, -0.0005828362773172557, -0.000574538775254041, -0.0005540712736546993, -0.0005440481472760439, -0.0005436658393591642, -0.0005157970590516925, -0.0005117753753438592, -0.0005113132065162063, -0.0005068418104201555, -0.0004926699912175536, -0.00048786698607727885, -0.00047735110274516046, -0.00047399147297255695, -0.000473916094051674, -0.0004640827828552574, -0.00045408951700665057, -0.0004513271851465106, -0.00044073222670704126, -0.00043911152170039713, -0.0004372243129182607, -0.00041600444819778204, -0.00041518433135934174, -0.00041386770317330956, -0.0004085397522430867, -0.00038765667704865336, -0.0003784744185395539, -0.0003780430997721851, -0.0003644122334662825, -0.00036309752613306046, -0.00036192129482515156]}