{"top_heads": [[16, 30], [15, 18], [10, 6], [13, 25], [14, 7], [15, 6], [16, 3], [21, 3], [24, 3], [19, 20], [17, 6], [12, 12], [24, 27], [16, 16], [18, 23], [18, 4], [14, 28], [14, 5], [14, 16], [13, 26], [14, 23], [15, 10], [13, 17], [17, 25], [18, 16], [12, 14], [12, 20], [16, 0], [17, 27], [16, 31], [21, 8], [31, 20], [15, 3], [30, 15], [14, 30], [27, 20], [12, 31], [11, 7], [31, 13], [13, 28], [18, 28], [20, 12], [17, 23], [12, 21], [14, 24], [11, 24], [26, 31], [10, 4], [11, 19], [10, 0], [26, 12], [16, 9], [12, 5], [31, 3], [11, 22], [12, 4], [31, 25], [22, 18], [25, 5], [29, 25], [26, 13], [11, 23], [22, 15], [31, 1], [28, 13], [19, 14], [23, 5], [13, 5], [25, 21], [24, 26], [31, 21], [27, 23], [30, 29], [14, 9], [16, 21], [15, 26], [23, 6], [25, 12], [14, 22], [22, 11], [20, 1], [16, 8], [25, 4], [30, 14], [11, 11], [24, 24], [15, 29], [31, 5], [11, 4], [22, 28], [13, 7], [27, 4], [10, 17], [17, 26], [17, 9], [13, 12], [9, 28], [19, 25], [27, 5], [21, 26]], "top_head_effects": [-0.016249535605311394, -0.00958318542689085, -0.006026437971740961, -0.005528653506189585, -0.005262157414108515, -0.004598477855324745, -0.004486860241740942, -0.004297642502933741, -0.00423770397901535, -0.0028319184202700853, -0.0027540891896933317, -0.002662814222276211, -0.002609705552458763, -0.0025241116527467966, -0.002486019628122449, -0.0020824011880904436, -0.0020692653488367796, -0.0019912158604711294, -0.001965334638953209, -0.0019024278735741973, -0.0018924298929050565, -0.0018873382359743118, -0.0018300773808732629, -0.001732324599288404, -0.0017250226810574532, -0.0016650063917040825, -0.0016424328787252307, -0.0015187952667474747, -0.0014270227402448654, -0.001293990877456963, -0.0011969851329922676, -0.0011747136013582349, -0.0010548719437792897, -0.0010524122044444084, -0.0010445388033986092, -0.001028197817504406, -0.001002403092570603, -0.0009828646434471011, -0.0009748235461302102, -0.000972583657130599, -0.0009699507500045002, -0.0009335680515505373, -0.0008871571044437587, -0.0008475030190311372, -0.0007947871345095336, -0.000794556166511029, -0.0007930642459541559, -0.0007924072560854256, -0.0007907042163424194, -0.0007563792169094086, -0.0007454937440343201, -0.0007316232658922672, -0.0007229326874949038, -0.0007200997788459063, -0.000718120310921222, -0.0006999072502367198, -0.0006887710769660771, -0.0006880974397063255, -0.0006850106292404234, -0.0006679021171294153, -0.0006579705514013767, -0.0006443731836043298, -0.0006380663835443556, -0.0006327970768325031, -0.0006256878841668367, -0.0006239395006559789, -0.0006201284704729915, -0.0006004566675983369, -0.0005766407120972872, -0.0005635370616801083, -0.0005471479962579906, -0.0005466770962812006, -0.0005409876466728747, -0.0005377489724196494, -0.0005246847285889089, -0.0005053702043369412, -0.0005019317031838, -0.000495784159284085, -0.0004905298701487482, -0.0004896412137895823, -0.000485102558741346, -0.0004813179839402437, -0.0004742424644064158, -0.0004718413401860744, -0.0004655431257560849, -0.0004641221894416958, -0.00046215017209760845, -0.00044845486991107464, -0.00043870238005183637, -0.00042977501288987696, -0.00042961238068528473, -0.000424148136517033, -0.0004046844260301441, -0.0003986675292253494, -0.0003868895582854748, -0.0003754201752599329, -0.0003737970255315304, -0.0003733244084287435, -0.00037065832293592393, -0.0003608137194532901]}