{"top_heads": [[39, 27], [38, 13], [16, 30], [37, 8], [21, 35], [39, 32], [34, 2], [20, 34], [39, 35], [17, 39], [39, 30], [15, 23], [28, 22], [16, 11], [11, 35], [17, 16], [37, 4], [37, 15], [12, 13], [13, 31], [21, 34], [38, 31], [16, 17], [13, 7], [17, 28], [21, 5], [39, 1], [39, 36], [19, 2], [15, 9], [38, 28], [15, 31], [14, 25], [20, 24], [15, 12], [39, 23], [16, 1], [37, 21], [10, 32], [21, 13], [39, 22], [11, 10], [17, 6], [19, 18], [18, 6], [12, 31], [20, 30], [39, 37], [39, 24], [15, 6], [28, 20], [13, 34], [7, 0], [11, 21], [35, 30], [11, 20], [11, 6], [10, 19], [14, 29], [23, 13], [12, 18], [37, 0], [18, 37], [13, 33], [38, 12], [25, 18], [16, 33], [38, 2], [15, 34], [18, 2], [13, 11], [37, 16], [9, 37], [26, 15], [19, 7], [33, 37], [19, 4], [35, 17], [18, 38], [19, 32], [32, 35], [14, 26], [20, 1], [19, 3], [13, 24], [7, 20], [20, 19], [20, 18], [11, 13], [7, 17], [13, 19], [30, 14], [10, 25], [19, 25], [16, 36], [39, 39], [9, 23], [15, 5], [21, 4], [11, 25]], "top_head_effects": [-0.0028049820102751255, -0.0026463118847459555, -0.0023809093981981277, -0.0022108687553554773, -0.002004954731091857, -0.0019274193327873945, -0.0018313811160624027, -0.0016032359562814236, -0.001570985303260386, -0.0015225702663883567, -0.0014517669333145022, -0.0014000781811773777, -0.0012953928671777248, -0.0012664726236835122, -0.0012644841335713863, -0.0012183594517409801, -0.001204960746690631, -0.0011496053775772452, -0.0009993049316108227, -0.000981692224740982, -0.0009633578592911363, -0.0009602646459825337, -0.0009548584930598736, -0.0009492809767834842, -0.0009474688558839262, -0.0009213140001520514, -0.0008961383136920631, -0.0008813482127152383, -0.0008795263711363077, -0.0008447059080936015, -0.0008268715464510024, -0.0008044191054068506, -0.0008036083308979869, -0.0007960727089084685, -0.000783919298555702, -0.0007829181849956512, -0.0007698675035499036, -0.0007505146786570549, -0.0007474047015421093, -0.0007391776889562607, -0.0006975574069656432, -0.0006946644280105829, -0.0006870426004752517, -0.0006775329820811749, -0.0006687865243293345, -0.0006640838691964746, -0.0006594975129701197, -0.0006244445103220642, -0.0006062687025405467, -0.0006001588189974427, -0.000597933423705399, -0.0005869281594641507, -0.0005775984027422965, -0.0005324776284396648, -0.0005081212730146945, -0.0005034385249018669, -0.0004989276640117168, -0.0004932465963065624, -0.0004917370970360935, -0.0004771336680278182, -0.0004720600263681263, -0.00046753205242566764, -0.0004418391617946327, -0.00043759631807915866, -0.0004316011327318847, -0.0004207169695291668, -0.00041812285780906677, -0.0004040149797219783, -0.00039194696000777185, -0.00038575156941078603, -0.00038302160101011395, -0.0003827479958999902, -0.00037869130028411746, -0.00037814927054569125, -0.00037311200867407024, -0.0003724010311998427, -0.00037111196434125304, -0.0003701880050357431, -0.00036682721110992134, -0.0003573638678062707, -0.000352285715052858, -0.00035118800587952137, -0.0003381719288881868, -0.0003374998923391104, -0.0003339028626214713, -0.0003334285574965179, -0.0003317192895337939, -0.0003211223229300231, -0.00031981602660380304, -0.0003158061590511352, -0.00031205147388391197, -0.00030052466900087893, -0.0002983047452289611, -0.00029788148822262883, -0.00029330808320082724, -0.0002899572718888521, -0.00028810169897042215, -0.0002872471231967211, -0.0002816295891534537, -0.0002807790879160166]}