{"top_heads": [[12, 20], [14, 1], [14, 12], [19, 7], [10, 22], [15, 4], [14, 14], [9, 19], [14, 6], [14, 7], [19, 1], [23, 10], [15, 7], [13, 14], [17, 17], [14, 2], [12, 3], [13, 8], [15, 9], [13, 4], [27, 11], [12, 23], [26, 14], [19, 6], [24, 21], [27, 7], [10, 23], [14, 5], [13, 6], [18, 6], [13, 15], [16, 21], [17, 0], [8, 2], [22, 17], [14, 22], [27, 17], [6, 1], [18, 20], [12, 12], [14, 15], [12, 17], [13, 23], [13, 17], [15, 3], [10, 12], [26, 23], [11, 21], [11, 2], [11, 6], [26, 20], [16, 15], [17, 9], [13, 3], [16, 22], [11, 22], [13, 7], [25, 23], [13, 2], [27, 9], [11, 16], [14, 18], [14, 16], [15, 18], [23, 0], [24, 16], [26, 6], [27, 18], [19, 0], [11, 1], [11, 8], [17, 11], [12, 22], [15, 8], [23, 2], [26, 13], [21, 1], [19, 3], [13, 10], [16, 11], [23, 17], [12, 2], [26, 19], [17, 14], [12, 16], [26, 21], [16, 9], [19, 13], [26, 1], [25, 7], [12, 8], [7, 17], [13, 20], [26, 18], [9, 0], [25, 8], [11, 5], [12, 0], [10, 3], [9, 17]], "top_head_effects": [0.10134212672710419, 0.04182593524456024, 0.03617243468761444, 0.015113189816474915, 0.010265612974762917, 0.010096720419824123, 0.009176651947200298, 0.006847567856311798, 0.005274183116853237, 0.0050158416852355, 0.0049760728143155575, 0.004643688444048166, 0.004575418774038553, 0.0037446958012878895, 0.0035807189997285604, 0.003205659333616495, 0.0030785819981247187, 0.0029332495760172606, 0.0028991750441491604, 0.002881473395973444, 0.002874030964449048, 0.0028604911640286446, 0.002813455183058977, 0.0024004043079912663, 0.0023765545338392258, 0.002322607673704624, 0.0022372796665877104, 0.0022068109828978777, 0.0021844319999217987, 0.0020534573122859, 0.002029662486165762, 0.002025220077484846, 0.0019618524238467216, 0.001930869766511023, 0.0018156036967411637, 0.0017353396397083998, 0.0016153855249285698, 0.0015536799328401685, 0.0015323198167607188, 0.0013616508804261684, 0.0013582761166617274, 0.0012439958518370986, 0.001155394478701055, 0.0011164703173562884, 0.0010813334956765175, 0.0010672899661585689, 0.0009781437693163753, 0.0009387580794282258, 0.0009143571951426566, 0.0008592501399107277, 0.0008492095512337983, 0.0008381576044484973, 0.0007818341255187988, 0.0007680805865675211, 0.0007649932522326708, 0.0007613769848830998, 0.0007274236995726824, 0.0007144098053686321, 0.0007051609572954476, 0.0006982831400819123, 0.0006964425556361675, 0.000676217139698565, 0.0006187987746670842, 0.0005920991534367204, 0.0005847862921655178, 0.0005714795552194118, 0.0005690610851161182, 0.0005549877532757819, 0.000495787535328418, 0.00046699936501681805, 0.0004463769728317857, 0.00044097588397562504, 0.00042795194895006716, 0.0004053945012856275, 0.00040318333776667714, 0.00036919949343428016, 0.0003677848435472697, 0.00035688947536982596, 0.0003409486380405724, 0.0003391061909496784, 0.0003377459943294525, 0.0003363392024766654, 0.00033371857716701925, 0.0003305063000880182, 0.00032770418329164386, 0.0003261684032622725, 0.0003197308978997171, 0.00031270895851776004, 0.00030818567029200494, 0.00029909482691437006, 0.00029610260389745235, 0.00029050829471088946, 0.0002896884689107537, 0.0002872717450372875, 0.00028680270770564675, 0.0002824506373144686, 0.00027222424978390336, 0.00026699938462115824, 0.00026582376449368894, 0.0002655364223755896]}