{"top_heads": [[14, 8], [17, 15], [19, 2], [15, 5], [14, 13], [12, 18], [13, 5], [21, 20], [13, 12], [14, 4], [21, 2], [16, 3], [16, 17], [16, 14], [15, 11], [12, 13], [18, 1], [18, 9], [27, 10], [15, 19], [18, 10], [24, 15], [11, 15], [26, 11], [12, 21], [25, 19], [14, 20], [23, 11], [22, 15], [12, 5], [23, 9], [24, 17], [15, 20], [21, 12], [27, 1], [27, 15], [17, 10], [12, 19], [21, 18], [19, 19], [19, 8], [27, 2], [11, 10], [10, 5], [26, 22], [27, 20], [22, 10], [11, 23], [10, 17], [16, 23], [18, 16], [27, 6], [17, 18], [12, 4], [22, 9], [13, 21], [9, 9], [24, 22], [26, 16], [15, 17], [24, 4], [23, 22], [26, 21], [14, 21], [16, 18], [12, 11], [19, 11], [24, 5], [27, 16], [21, 15], [14, 17], [17, 20], [27, 23], [26, 9], [17, 2], [17, 6], [22, 3], [21, 19], [20, 4], [11, 3], [9, 21], [22, 4], [19, 18], [18, 8], [26, 18], [11, 9], [13, 16], [18, 7], [15, 6], [19, 23], [10, 8], [20, 9], [13, 18], [9, 18], [22, 5], [20, 20], [8, 17], [21, 0], [20, 11], [7, 19]], "top_head_effects": [-0.005267608445137739, -0.004737334791570902, -0.004381280858069658, -0.00396308908239007, -0.0037381115835160017, -0.0025349308270961046, -0.002480963012203574, -0.00244784913957119, -0.0023896286729723215, -0.0023474562913179398, -0.002204793505370617, -0.002059142803773284, -0.0019440801115706563, -0.001595442765392363, -0.0014729700051248074, -0.0013275804230943322, -0.0013189393794164062, -0.001285998267121613, -0.0012682134984061122, -0.0011413398897275329, -0.0010157072683796287, -0.0009663740638643503, -0.0009370435145683587, -0.0009170458652079105, -0.0009055730770342052, -0.0008321721106767654, -0.0008250420796684921, -0.0008164875325746834, -0.000787220022175461, -0.0007520069484598935, -0.0007112009334377944, -0.000705963873770088, -0.0006989965331740677, -0.0006947922520339489, -0.0006927382783032954, -0.0006849602796137333, -0.0006661658990196884, -0.000651809386909008, -0.0006201714859344065, -0.0006056731217540801, -0.0005952860810793936, -0.0005870696622878313, -0.0005573008675128222, -0.0005455960636027157, -0.000536969630047679, -0.0005337847978807986, -0.0005289106629788876, -0.000523498107213527, -0.0005219829617999494, -0.0005149065400473773, -0.0005138131673447788, -0.0005112888175062835, -0.0004753393295686692, -0.0004728188505396247, -0.0004677804245147854, -0.00046667162678204477, -0.0004660269769374281, -0.0004411278059706092, -0.0004273777303751558, -0.0004273252561688423, -0.00041680107824504375, -0.0004061684012413025, -0.000390323024475947, -0.0003840982972178608, -0.00036849509342573583, -0.00036365215783007443, -0.00036149693187326193, -0.00035235099494457245, -0.0003351592749822885, -0.0003326741571072489, -0.00033178352168761194, -0.0003131101548206061, -0.00029868705314584076, -0.00028592123999260366, -0.00028433938859961927, -0.0002737939648795873, -0.00027338400832377374, -0.00027083963504992425, -0.0002653964620549232, -0.0002608773356769234, -0.000259781169006601, -0.0002585840702522546, -0.00024767586728557944, -0.0002443448465783149, -0.00023026125563774258, -0.00022149742289911956, -0.0002184101176680997, -0.00021693622693419456, -0.0002041844854829833, -0.00019529018027242273, -0.00019170534505974501, -0.00018818363605532795, -0.00018678662308957428, -0.00018635990272741765, -0.00018056771659757942, -0.00017697452858556062, -0.00017626641783863306, -0.00015897177217993885, -0.0001580496464157477, -0.00015386921586468816]}