{"top_heads": [[16, 10], [14, 28], [15, 17], [14, 9], [26, 28], [9, 0], [15, 5], [7, 21], [19, 16], [15, 4], [13, 1], [12, 11], [13, 30], [15, 24], [7, 20], [31, 4], [18, 26], [17, 19], [10, 19], [27, 7], [14, 3], [9, 31], [14, 30], [14, 27], [7, 22], [31, 10], [18, 9], [31, 17], [31, 22], [31, 3], [16, 0], [19, 15], [9, 10], [31, 26], [11, 30], [11, 29], [8, 28], [28, 21], [16, 3], [14, 19], [15, 19], [27, 29], [12, 24], [9, 30], [12, 0], [10, 30], [31, 11], [13, 2], [16, 7], [19, 27], [9, 3], [18, 0], [9, 13], [6, 28], [13, 18], [16, 2], [21, 14], [12, 6], [8, 12], [12, 1], [14, 26], [18, 1], [13, 16], [12, 23], [5, 5], [11, 12], [12, 5], [30, 9], [8, 21], [14, 6], [13, 3], [22, 17], [9, 2], [14, 16], [20, 20], [12, 10], [13, 10], [16, 5], [15, 10], [28, 13], [18, 4], [9, 21], [14, 14], [11, 22], [20, 21], [11, 28], [8, 30], [0, 15], [16, 20], [12, 13], [10, 31], [5, 30], [18, 31], [15, 25], [21, 25], [6, 23], [30, 31], [26, 9], [2, 21], [14, 23]], "top_head_effects": [0.00557060306891799, 0.004856590647250414, 0.004728734493255615, 0.003445111447945237, 0.003215657314285636, 0.003079095156863332, 0.002424603793770075, 0.0022938987240195274, 0.0022378601133823395, 0.002066323533654213, 0.001964644994586706, 0.0019637264776974916, 0.0018232609145343304, 0.001737624523229897, 0.0017178677953779697, 0.001696355757303536, 0.0016732002841308713, 0.0016131115844473243, 0.0015957129653543234, 0.0015902635641396046, 0.0015406925231218338, 0.0015320978127419949, 0.0015276748454198241, 0.0015226867981255054, 0.0013910855632275343, 0.001379542169161141, 0.0013245359295979142, 0.0013134110486134887, 0.0013054730370640755, 0.0013036648742854595, 0.0012927359202876687, 0.001263445825316012, 0.0012328398879617453, 0.0012277024798095226, 0.0012063506292179227, 0.0011974489316344261, 0.0011670161038637161, 0.0011667282087728381, 0.0011564904125407338, 0.0011199010768905282, 0.0010557512287050486, 0.0010391935938969254, 0.0010266640456393361, 0.0010100954677909613, 0.0010053536389023066, 0.000979167059995234, 0.0009748435695655644, 0.0009280568337999284, 0.0009075509151443839, 0.0009008909109979868, 0.0008894313359633088, 0.0008850370068103075, 0.0008394079632125795, 0.0008358746417798102, 0.0008358235354535282, 0.0008265799842774868, 0.000825006456580013, 0.0008162295562215149, 0.0008127910550683737, 0.0008022830006666481, 0.0007852545822970569, 0.0007691732025705278, 0.0007520983344875276, 0.0007488117553293705, 0.0007425650837831199, 0.0007271458744071424, 0.0007269085617735982, 0.0007194463396444917, 0.0007136106141842902, 0.0007112883613444865, 0.0007108578574843705, 0.0006973068811930716, 0.0006968876114115119, 0.0006942087784409523, 0.0006818600813858211, 0.0006668337155133486, 0.0006563311908394098, 0.0006372392526827753, 0.0006347072194330394, 0.0006343566346913576, 0.0006300868699327111, 0.0006285191047936678, 0.0006123469793237746, 0.0006121393525972962, 0.0006064636399969459, 0.000606236164458096, 0.0005975934327580035, 0.0005964615847915411, 0.0005940170376561582, 0.0005920632975175977, 0.0005880411481484771, 0.0005716016166843474, 0.000570784555748105, 0.0005401052185334265, 0.0005379841895774007, 0.0005190148949623108, 0.0005072828498668969, 0.0005062794662080705, 0.0004966131527908146, 0.0004965719999745488]}