{"top_heads": [[10, 17], [7, 29], [9, 23], [10, 12], [9, 25], [12, 13], [8, 28], [11, 5], [9, 6], [15, 6], [11, 10], [13, 5], [9, 31], [11, 14], [15, 13], [13, 10], [11, 25], [10, 14], [15, 1], [14, 24], [11, 22], [12, 30], [14, 15], [9, 3], [9, 0], [13, 14], [8, 24], [8, 7], [10, 1], [6, 7], [11, 26], [15, 9], [11, 27], [10, 25], [14, 11], [10, 8], [15, 7], [8, 30], [12, 29], [6, 19], [15, 3], [15, 20], [15, 0], [15, 10], [7, 4], [13, 30], [10, 22], [14, 26], [6, 6], [9, 12], [12, 1], [15, 21], [11, 3], [13, 2], [10, 13], [12, 31], [14, 22], [7, 14], [7, 7], [15, 14], [9, 2], [15, 30], [12, 2], [6, 31], [7, 3], [10, 19], [12, 12], [7, 20], [12, 27], [8, 5], [7, 22], [11, 23], [11, 7], [13, 4], [6, 25], [15, 16], [14, 3], [14, 30], [13, 0], [10, 9], [3, 30], [14, 10], [10, 10], [8, 16], [8, 18], [10, 2], [12, 14], [13, 15], [10, 30], [12, 26], [11, 6], [4, 7], [4, 15], [6, 20], [6, 18], [13, 21], [11, 12], [9, 19], [15, 4], [15, 31]], "top_head_effects": [-0.020893128588795662, -0.01763818971812725, -0.015503768809139729, -0.009968537837266922, -0.009215576574206352, -0.00829250831156969, -0.006610449403524399, -0.006222354713827372, -0.005774287972599268, -0.005542760714888573, -0.004902098793536425, -0.004233998712152243, -0.004088613670319319, -0.003928434569388628, -0.0039013477507978678, -0.003593791974708438, -0.0031134968157857656, -0.0030060827266424894, -0.0028374027460813522, -0.0027055793907493353, -0.0025895340368151665, -0.0025171840097755194, -0.0022845666389912367, -0.0021764812991023064, -0.0021593947894871235, -0.0021365804132074118, -0.0018721570959314704, -0.0018568657105788589, -0.001802226179279387, -0.0017752965213730931, -0.0017205268377438188, -0.0017195016844198108, -0.0016758799320086837, -0.0014877688372507691, -0.0014750302070751786, -0.0014740098267793655, -0.0014579662820324302, -0.0014269751263782382, -0.0013785838382318616, -0.0013400014722719789, -0.0012983429478481412, -0.0012837054673582315, -0.001274402136914432, -0.001204676809720695, -0.0012046584160998464, -0.001195587683469057, -0.0011307382956147194, -0.0010865565855056047, -0.000924785912502557, -0.0009023268357850611, -0.0008895443752408028, -0.0008609545766375959, -0.0007773895631544292, -0.000761278672143817, -0.0007476254249922931, -0.0007149590528570116, -0.0007134731276892126, -0.0007090670987963676, -0.0007040288182906806, -0.0006877685082145035, -0.0006592441350221634, -0.0006528862868435681, -0.0006517327856272459, -0.0006395066739059985, -0.0006203611847013235, -0.000608310045208782, -0.0005883005214855075, -0.0005656268331222236, -0.0005607947241514921, -0.0005587178166024387, -0.0005574221140705049, -0.0005280188634060323, -0.0005230855313129723, -0.0005184105248190463, -0.0005070894258096814, -0.000498273060657084, -0.00046840414870530367, -0.00046450752415694296, -0.00046341223060153425, -0.0004558894725050777, -0.000411653658375144, -0.00038814099389128387, -0.0003801928833127022, -0.00037803035229444504, -0.0003641669172793627, -0.00036414057831279933, -0.000362068647518754, -0.00034595324541442096, -0.00030801258981227875, -0.00030317550408653915, -0.0003028373175766319, -0.0002866078575607389, -0.00028262901469133794, -0.00027783875702880323, -0.0002759145281743258, -0.0002703657664824277, -0.000268813717411831, -0.0002644820779096335, -0.0002571490767877549, -0.0002563171146903187]}