{"top_heads": [[15, 23], [21, 35], [18, 6], [17, 26], [20, 24], [11, 21], [14, 31], [17, 16], [17, 21], [15, 6], [13, 28], [17, 39], [14, 1], [11, 20], [16, 18], [11, 10], [20, 18], [15, 12], [17, 5], [33, 24], [18, 37], [13, 16], [16, 24], [14, 25], [17, 6], [39, 30], [20, 30], [12, 13], [16, 1], [17, 25], [16, 17], [13, 32], [21, 34], [26, 15], [13, 31], [12, 23], [33, 10], [15, 9], [14, 26], [15, 19], [16, 39], [20, 34], [21, 19], [12, 26], [15, 37], [18, 2], [14, 33], [20, 15], [13, 7], [25, 8], [12, 2], [38, 5], [10, 4], [39, 18], [20, 1], [12, 31], [13, 11], [19, 9], [14, 17], [29, 12], [16, 13], [18, 33], [18, 0], [20, 13], [24, 26], [9, 6], [18, 3], [39, 32], [16, 3], [11, 22], [17, 31], [12, 25], [21, 13], [10, 2], [11, 19], [13, 30], [11, 13], [16, 35], [20, 32], [18, 12], [20, 8], [15, 33], [20, 11], [30, 39], [39, 9], [18, 38], [10, 32], [17, 38], [20, 38], [14, 2], [18, 24], [28, 8], [22, 2], [11, 38], [9, 19], [12, 18], [39, 35], [19, 15], [20, 6], [8, 10]], "top_head_effects": [-0.015366775915026665, -0.00807388685643673, -0.007712583988904953, -0.007504859007894993, -0.0073298797942698, -0.006205251440405846, -0.0051793004386126995, -0.0049020652659237385, -0.004901360720396042, -0.004703540820628405, -0.0046205357648432255, -0.004615535028278828, -0.004315831698477268, -0.004077824763953686, -0.0038988653104752302, -0.003660739166662097, -0.003548893379047513, -0.0035131273325532675, -0.0033454240765422583, -0.003221871331334114, -0.003017344046384096, -0.002906855894252658, -0.0028129618149250746, -0.002747827908024192, -0.0026886658743023872, -0.002525780815631151, -0.0024835376534610987, -0.002449542051181197, -0.0023283292539417744, -0.0023080783430486917, -0.002214839681982994, -0.0021842303685843945, -0.0021581551991403103, -0.0021501092705875635, -0.002033290220424533, -0.0019957455806434155, -0.0019954971503466368, -0.0019368819193914533, -0.0017457405338063836, -0.0017175469547510147, -0.001701001892797649, -0.0017006902489811182, -0.0016508859116584063, -0.0016174466582015157, -0.0015970825916156173, -0.0015960597665980458, -0.001566021703183651, -0.001508221379481256, -0.0015056257834658027, -0.0015032682567834854, -0.001443349290639162, -0.0013844920322299004, -0.0013314516982063651, -0.0012739672092720866, -0.0012603357899934053, -0.0012579333269968629, -0.0012552679982036352, -0.0012481574667617679, -0.0012342529371380806, -0.0012022596783936024, -0.0011523606954142451, -0.001141076092608273, -0.001136996317654848, -0.0011035146890208125, -0.0010969535214826465, -0.0010697534307837486, -0.0010605375282466412, -0.0010462099453434348, -0.0010449700057506561, -0.0010259567061439157, -0.0009692638413980603, -0.0009532150579616427, -0.0009397242683917284, -0.0009269191068597138, -0.0009157963213510811, -0.0009034447139129043, -0.0008941036066971719, -0.0008726449450477958, -0.0008620329899713397, -0.0008373619057238102, -0.0008350777789019048, -0.0008039246313273907, -0.0008025630377233028, -0.0008006265270523727, -0.0007942936499603093, -0.0007888521067798138, -0.0007764938054606318, -0.0007738363347016275, -0.0007710647769272327, -0.000758476322516799, -0.0007295955438166857, -0.0007218393729999661, -0.0007172017940320075, -0.0006871286313980818, -0.0006859349086880684, -0.0006801316631026566, -0.0006778242532163858, -0.0006519373855553567, -0.0006435821414925158, -0.0006365217850543559]}