{"top_heads": [[17, 3], [18, 1], [19, 16], [16, 8], [30, 31], [14, 25], [19, 23], [23, 15], [20, 7], [20, 31], [11, 19], [17, 27], [22, 14], [17, 21], [17, 14], [25, 26], [16, 31], [14, 11], [26, 5], [28, 11], [14, 7], [15, 3], [25, 14], [22, 3], [27, 29], [28, 18], [31, 16], [24, 19], [19, 25], [11, 28], [15, 24], [11, 15], [12, 5], [26, 4], [25, 0], [12, 11], [29, 17], [16, 24], [13, 5], [16, 13], [13, 13], [21, 10], [18, 14], [30, 5], [26, 31], [28, 15], [26, 13], [12, 15], [14, 23], [19, 30], [16, 27], [15, 5], [28, 27], [19, 13], [18, 24], [30, 8], [19, 12], [10, 16], [9, 13], [16, 15], [30, 18], [22, 5], [11, 16], [11, 13], [24, 24], [26, 28], [22, 17], [10, 28], [24, 17], [29, 16], [31, 21], [16, 0], [26, 19], [26, 7], [30, 19], [15, 21], [27, 6], [12, 17], [31, 15], [8, 8], [12, 12], [13, 29], [22, 27], [31, 7], [16, 20], [12, 28], [25, 2], [23, 1], [25, 10], [10, 11], [7, 23], [13, 21], [14, 19], [15, 8], [28, 9], [22, 26], [25, 19], [21, 26], [9, 29], [26, 8]], "top_head_effects": [-0.01433003693819046, -0.010457776486873627, -0.006570448633283377, -0.005381899885833263, -0.004936495330184698, -0.004890320356935263, -0.00471075251698494, -0.004343333188444376, -0.004263441078364849, -0.004217482637614012, -0.0032630630303174257, -0.002977227559313178, -0.002828415250405669, -0.0027213110588490963, -0.002694992581382394, -0.0026894500479102135, -0.0026302156038582325, -0.0026005238760262728, -0.0025327301118522882, -0.0024852140340954065, -0.0024828538298606873, -0.0023418606724590063, -0.0022529312409460545, -0.002045749919489026, -0.0018419179832562804, -0.0017980590928345919, -0.0017936703516170382, -0.0017654766561463475, -0.001701835310086608, -0.0016923969378694892, -0.0016232507769018412, -0.0016051263082772493, -0.0016012077685445547, -0.0015351803740486503, -0.0014818868367001414, -0.001465997309423983, -0.0014658118598163128, -0.0013599640224128962, -0.001319713657721877, -0.0012983143096789718, -0.0012896142434328794, -0.001271029468625784, -0.0011854592012241483, -0.001165263936854899, -0.001165028428658843, -0.0011519592953845859, -0.001143519184552133, -0.0011222510365769267, -0.001121246488764882, -0.0011003731051459908, -0.0010960857616737485, -0.0010929759591817856, -0.0009931600652635098, -0.0009901783196255565, -0.000989280641078949, -0.0009252913296222687, -0.0008957050158642232, -0.0008665554341860116, -0.0008500222465954721, -0.0008453071932308376, -0.0008313966100104153, -0.0008126921020448208, -0.0008113584481179714, -0.0007936318288557231, -0.0007742562447674572, -0.0007466833340004086, -0.0007457348401658237, -0.0007445787778124213, -0.0007282972219400108, -0.0007249503978528082, -0.0007190458127297461, -0.0006847819895483553, -0.0006795887602493167, -0.0006734651979058981, -0.000669150787871331, -0.0006684304098598659, -0.0006620874628424644, -0.0006357694510370493, -0.0006268038996495306, -0.0006262403330765665, -0.000593558419495821, -0.0005887076258659363, -0.0005859141820110381, -0.0005733815487474203, -0.0005648189689964056, -0.0005431116442196071, -0.000537192914634943, -0.0005219067679718137, -0.0005125799216330051, -0.0005077460082247853, -0.0004906341782771051, -0.0004874304577242583, -0.0004860360349994153, -0.0004847348900511861, -0.0004703911254182458, -0.0004656492092180997, -0.00046021208981983364, -0.0004584231646731496, -0.00045504921581596136, -0.0004546500276774168]}