{"top_heads": [[15, 11], [15, 0], [17, 18], [15, 18], [10, 12], [12, 24], [16, 23], [21, 23], [19, 18], [17, 31], [17, 23], [20, 1], [17, 17], [21, 24], [12, 31], [26, 23], [13, 28], [17, 12], [12, 21], [15, 19], [9, 2], [26, 22], [14, 18], [26, 15], [21, 8], [27, 15], [12, 10], [16, 29], [14, 2], [27, 31], [16, 2], [9, 25], [31, 0], [19, 9], [30, 22], [19, 19], [30, 9], [19, 21], [24, 22], [12, 25], [16, 21], [10, 29], [15, 10], [20, 27], [13, 31], [14, 12], [20, 16], [17, 11], [13, 22], [14, 17], [10, 21], [14, 0], [16, 6], [17, 5], [19, 20], [14, 15], [20, 25], [16, 5], [16, 1], [24, 5], [13, 6], [12, 22], [15, 8], [16, 20], [12, 13], [13, 23], [30, 8], [26, 14], [12, 30], [15, 23], [11, 14], [18, 30], [30, 12], [12, 26], [21, 25], [14, 21], [31, 3], [11, 0], [22, 29], [14, 24], [10, 15], [20, 7], [13, 24], [10, 19], [16, 0], [22, 8], [18, 11], [12, 7], [31, 9], [23, 14], [22, 13], [16, 18], [12, 16], [24, 6], [28, 19], [14, 14], [30, 7], [11, 25], [27, 22], [31, 20]], "top_head_effects": [0.08453387767076492, 0.04530042037367821, 0.029299383983016014, 0.023207683116197586, 0.013681345619261265, 0.011783195659518242, 0.009780392982065678, 0.009513195604085922, 0.009019669145345688, 0.008130708709359169, 0.005601690616458654, 0.005570967681705952, 0.005018170922994614, 0.004524648655205965, 0.0037561950739473104, 0.0036727935075759888, 0.003657491412013769, 0.0031949381809681654, 0.0029323683120310307, 0.00247470592148602, 0.002178539987653494, 0.0021705394610762596, 0.0020879372023046017, 0.00203744531609118, 0.00195186713244766, 0.0019266639137640595, 0.0018960162997245789, 0.0018800435354933143, 0.001809536712244153, 0.0017629676731303334, 0.0017059084493666887, 0.0016183487605303526, 0.0016175421187654138, 0.0016146409325301647, 0.0015204433584585786, 0.001466490444727242, 0.0013147374847903848, 0.0012728996807709336, 0.001242456492036581, 0.0012388151371851563, 0.001174652250483632, 0.0011554021621122956, 0.0011132605141028762, 0.0010778367286548018, 0.0010592364706099033, 0.0010344142792746425, 0.0010226427111774683, 0.0009895702823996544, 0.0009834498632699251, 0.0009538354934193194, 0.0009148876997642219, 0.0009068343206308782, 0.0008865945274010301, 0.0008780718198977411, 0.0008625996415503323, 0.0008610911900177598, 0.0008545055752620101, 0.0008369592833332717, 0.0008269703248515725, 0.000825654249638319, 0.0007920848438516259, 0.0007918354240246117, 0.0007611558539792895, 0.0007384048658423126, 0.0007046291721053421, 0.0007001736667007208, 0.0006800107657909393, 0.0006653712480328977, 0.0006211513536982238, 0.0005731364944949746, 0.0005693021812476218, 0.0005542914150282741, 0.0005503000575117767, 0.0005489922477863729, 0.0005441276589408517, 0.0005386756965890527, 0.0005251821130514145, 0.0005227997899055481, 0.0005068504833616316, 0.000501185713801533, 0.0004954746691510081, 0.0004881479835603386, 0.00048336159670725465, 0.00048255021101795137, 0.0004780320159625262, 0.00047432820429094136, 0.0004724648897536099, 0.0004578803200274706, 0.0004567046416923404, 0.00045496472739614546, 0.00042938775732181966, 0.00040375255048274994, 0.00040345636080019176, 0.0003976271254941821, 0.0003924298216588795, 0.00038471634616144, 0.0003826757601927966, 0.00037649337900802493, 0.0003743619890883565, 0.0003743331180885434]}