{"top_heads": [[15, 19], [15, 30], [17, 23], [17, 11], [18, 19], [14, 24], [15, 23], [16, 1], [21, 23], [14, 2], [17, 26], [18, 15], [16, 18], [17, 6], [19, 21], [11, 0], [19, 18], [20, 18], [17, 18], [15, 18], [27, 31], [17, 17], [15, 4], [19, 29], [15, 9], [19, 9], [10, 15], [16, 23], [16, 21], [10, 22], [31, 0], [18, 26], [12, 13], [25, 17], [14, 0], [18, 18], [26, 23], [17, 25], [22, 24], [30, 7], [31, 9], [14, 5], [14, 8], [29, 4], [11, 4], [13, 20], [29, 9], [22, 8], [26, 15], [11, 14], [18, 22], [17, 20], [11, 25], [18, 25], [12, 23], [15, 25], [16, 2], [16, 4], [9, 1], [16, 22], [30, 14], [21, 24], [22, 18], [13, 18], [15, 28], [21, 27], [20, 1], [30, 9], [10, 24], [24, 0], [22, 30], [29, 14], [15, 16], [13, 31], [13, 7], [13, 16], [14, 27], [21, 0], [17, 29], [19, 20], [16, 25], [21, 18], [13, 19], [17, 30], [23, 21], [11, 11], [17, 13], [24, 22], [18, 6], [8, 23], [6, 5], [17, 24], [15, 27], [10, 30], [12, 7], [13, 1], [20, 6], [13, 6], [28, 13], [14, 15]], "top_head_effects": [0.023291422054171562, 0.017747659236192703, 0.015034730546176434, 0.012889922596514225, 0.012104924768209457, 0.010683633387088776, 0.009888839907944202, 0.009575001895427704, 0.00932253710925579, 0.008951369673013687, 0.008800527080893517, 0.008731318637728691, 0.008650654926896095, 0.008357719518244267, 0.007520083803683519, 0.007466675713658333, 0.007460789289325476, 0.006881112232804298, 0.006738665979355574, 0.006450012791901827, 0.006152764894068241, 0.005743910558521748, 0.005601972807198763, 0.005315930582582951, 0.005149084609001875, 0.004996229894459248, 0.004975493066012859, 0.004881220869719982, 0.004874659236520529, 0.00477586267516017, 0.004679983947426081, 0.004652200732380152, 0.00464188028126955, 0.004618138074874878, 0.004540808033198118, 0.004396185744553804, 0.0042476048693060875, 0.004182625561952591, 0.003935587126761675, 0.003601968288421631, 0.003567570587620139, 0.003529022913426161, 0.0034909446258097887, 0.0034676529467105865, 0.0030845694709569216, 0.0030435346998274326, 0.0029880220536142588, 0.002957333344966173, 0.0029104030691087246, 0.0028426693752408028, 0.0028168309945613146, 0.0027644361834973097, 0.0026830865535885096, 0.0026824024971574545, 0.0026822814252227545, 0.002663885708898306, 0.00266235857270658, 0.00258190231397748, 0.002565817441791296, 0.0025367154739797115, 0.0024597591254860163, 0.0023628617636859417, 0.0023248635698109865, 0.0023212505038827658, 0.0021869312040507793, 0.002171525964513421, 0.002122164238244295, 0.0020427119452506304, 0.0020395410247147083, 0.0019843007903546095, 0.00187308166641742, 0.0018723562825471163, 0.0018375336658209562, 0.0018286093836650252, 0.0018176931189373136, 0.001781805302016437, 0.0017104342114180326, 0.001708751660771668, 0.001687601674348116, 0.0016393586993217468, 0.0015768824378028512, 0.0015765053685754538, 0.001573724439367652, 0.0015513543039560318, 0.0015255436301231384, 0.0015185109805315733, 0.0015152187552303076, 0.0015040927100926638, 0.0014926905278116465, 0.001454250537790358, 0.0014233698602765799, 0.0014153124066069722, 0.0013514150632545352, 0.0013480645138770342, 0.0013423763448372483, 0.0013317650882527232, 0.0013306193286553025, 0.0013230018084868789, 0.0013110308209434152, 0.0012613208964467049]}