{"top_heads": [[0, 27], [0, 21], [4, 30], [27, 20], [1, 23], [0, 8], [0, 30], [25, 20], [0, 12], [24, 20], [25, 7], [2, 16], [0, 24], [1, 9], [2, 3], [4, 21], [0, 23], [7, 14], [29, 6], [23, 5], [1, 26], [4, 17], [17, 10], [0, 1], [24, 1], [0, 17], [1, 11], [31, 12], [1, 22], [1, 12], [4, 13], [0, 31], [1, 16], [3, 24], [21, 17], [21, 19], [1, 14], [27, 24], [0, 29], [2, 25], [0, 3], [2, 5], [0, 16], [5, 5], [3, 19], [0, 13], [22, 11], [1, 2], [2, 10], [9, 27], [1, 5], [7, 24], [6, 28], [0, 5], [6, 25], [23, 16], [4, 23], [2, 27], [0, 11], [29, 21], [0, 0], [29, 25], [0, 26], [0, 2], [1, 7], [1, 6], [9, 31], [2, 13], [9, 28], [1, 10], [1, 31], [22, 16], [2, 20], [26, 27], [4, 10], [26, 1], [4, 6], [1, 1], [0, 25], [27, 16], [24, 13], [0, 14], [2, 30], [1, 27], [1, 19], [2, 23], [25, 29], [2, 8], [3, 13], [7, 9], [2, 4], [0, 28], [28, 1], [24, 30], [2, 31], [1, 18], [20, 24], [0, 19], [29, 27], [3, 23]], "top_head_effects": [1.4176901004248066e-06, 2.0436832528503146e-06, 3.9699493754596915e-06, 4.2068559196195565e-06, 4.75497745355824e-06, 4.854416602029232e-06, 5.153987785888603e-06, 5.422171852842439e-06, 5.58409783479874e-06, 5.832568604091648e-06, 6.254364507185528e-06, 7.043621735647321e-06, 7.644654033356346e-06, 7.899696356616914e-06, 7.976675988174975e-06, 8.001257810974494e-06, 8.292423444800079e-06, 8.598687600169796e-06, 8.803519449429587e-06, 8.958174475992564e-06, 9.541967301629484e-06, 9.61442037805682e-06, 1.0289002602803521e-05, 1.0503556040930562e-05, 1.0664759429346304e-05, 1.1103925317001995e-05, 1.1176000953128096e-05, 1.1461273970780894e-05, 1.147904731624294e-05, 1.1565067325136624e-05, 1.1857799108838663e-05, 1.2136475561419502e-05, 1.2653004887397401e-05, 1.2697299098363146e-05, 1.272617737413384e-05, 1.2778948075720109e-05, 1.2931628589285538e-05, 1.3186116120778024e-05, 1.3755057807429694e-05, 1.403907299390994e-05, 1.475741828471655e-05, 1.4853992979624309e-05, 1.490856539021479e-05, 1.5052150956762489e-05, 1.5223427908495069e-05, 1.6055997548392043e-05, 1.617521593288984e-05, 1.6223295460804366e-05, 1.6444595530629158e-05, 1.6944370145210996e-05, 1.6974636309896596e-05, 1.700551001704298e-05, 1.7305279470747337e-05, 1.801561302272603e-05, 1.816034819057677e-05, 1.8234222807222977e-05, 1.823683487600647e-05, 1.831881127145607e-05, 1.835654620663263e-05, 1.8373397324467078e-05, 1.8542288671596907e-05, 1.8984519556397572e-05, 1.9015886209672317e-05, 1.908221202029381e-05, 1.9087743567069992e-05, 1.9143320969305933e-05, 1.919827627716586e-05, 1.9267985408077948e-05, 1.964882540050894e-05, 1.9655706637422554e-05, 1.981180139409844e-05, 1.990056989598088e-05, 2.0058074369444512e-05, 2.0152985598542728e-05, 2.0698753360193223e-05, 2.1534877305384725e-05, 2.1603686036542058e-05, 2.2101048671174794e-05, 2.216772008978296e-05, 2.2789139620726928e-05, 2.2978647393756546e-05, 2.3416514522978105e-05, 2.3696247808402404e-05, 2.374645737290848e-05, 2.3839289497118443e-05, 2.429912274237722e-05, 2.4363413103856146e-05, 2.437706643831916e-05, 2.4379740352742374e-05, 2.4605493308627047e-05, 2.490658880560659e-05, 2.537758700782433e-05, 2.5495257432339713e-05, 2.5514571461826563e-05, 2.5695964723126963e-05, 2.6225601686746813e-05, 2.6417121262056753e-05, 2.6690642698667943e-05, 2.7081638108938932e-05, 2.7167170628672466e-05]}