{"top_heads": [[15, 11], [15, 0], [17, 18], [15, 18], [10, 12], [12, 24], [16, 23], [21, 23], [19, 18], [17, 31], [20, 1], [17, 23], [21, 24], [17, 17], [12, 31], [13, 28], [12, 21], [17, 12], [26, 23], [15, 19], [9, 2], [12, 10], [21, 8], [26, 15], [16, 2], [27, 15], [27, 31], [9, 25], [14, 2], [16, 29], [14, 18], [26, 22], [19, 9], [19, 19], [24, 22], [19, 21], [12, 25], [31, 0], [10, 29], [30, 22], [15, 10], [16, 21], [13, 22], [17, 11], [30, 8], [14, 17], [20, 27], [10, 21], [20, 25], [13, 31], [14, 0], [20, 16], [24, 5], [14, 15], [17, 5], [14, 12], [16, 6], [12, 22], [16, 20], [15, 8], [18, 30], [19, 20], [14, 21], [11, 14], [16, 5], [22, 29], [16, 1], [12, 30], [12, 26], [13, 6], [10, 15], [13, 23], [12, 13], [30, 9], [23, 15], [31, 3], [21, 25], [27, 22], [20, 7], [30, 12], [29, 4], [22, 8], [25, 5], [26, 14], [10, 19], [18, 10], [16, 11], [15, 23], [11, 0], [18, 11], [12, 7], [18, 18], [14, 24], [22, 13], [13, 24], [24, 6], [28, 19], [31, 29], [11, 25], [14, 14]], "top_head_effects": [0.09112129360437393, 0.048544492572546005, 0.030643176287412643, 0.026539038866758347, 0.017177317291498184, 0.01336918119341135, 0.01024114340543747, 0.009819275699555874, 0.009528202936053276, 0.008695757016539574, 0.005822577513754368, 0.005586510058492422, 0.005473082419484854, 0.005161881912499666, 0.004242502152919769, 0.004080757964402437, 0.0035282631870359182, 0.0031165936961770058, 0.00277469283901155, 0.0027523075696080923, 0.0026300724130123854, 0.00236149737611413, 0.0022424799390137196, 0.002169178333133459, 0.002076701493933797, 0.0020149152260273695, 0.0019328597700223327, 0.0019249825272709131, 0.0018766636494547129, 0.0018657803302630782, 0.0018572489498183131, 0.0018122278852388263, 0.0018109942320734262, 0.001506725326180458, 0.0015066717751324177, 0.0014850281877443194, 0.0014551564818248153, 0.0013695374364033341, 0.0013581498060375452, 0.0012103683548048139, 0.0011758356122300029, 0.0011549347545951605, 0.0011449542362242937, 0.001144331181421876, 0.001128990901634097, 0.0011194885009899735, 0.0010875887237489223, 0.0010216886876150966, 0.001012749271467328, 0.0010088116396218538, 0.0009708700818009675, 0.0009611262357793748, 0.0009569834219291806, 0.0009434623061679304, 0.0009382457938045263, 0.0009243357344530523, 0.000880842562764883, 0.0008741426863707602, 0.0008724575163796544, 0.0008533617947250605, 0.0008367094560526311, 0.0008089552284218371, 0.0007620658143423498, 0.0007432948332279921, 0.0007348750368691981, 0.0007231884519569576, 0.0007205329020507634, 0.0006687060813419521, 0.0006629135459661484, 0.0006487095379270613, 0.0006479935254901648, 0.0006455187685787678, 0.0006412301445379853, 0.0006352595519274473, 0.0005941406125202775, 0.0005860180244781077, 0.0005808553542010486, 0.0005655313725583255, 0.0005613794201053679, 0.0005560575518757105, 0.0005443192203529179, 0.0005429197335615754, 0.0005378042696975172, 0.000535620201844722, 0.0005230318056419492, 0.0005048928433097899, 0.0004913263255730271, 0.0004907691036351025, 0.0004891285789199173, 0.000477670255349949, 0.00047574497875757515, 0.00046837792615406215, 0.00046750882756896317, 0.0004667608591262251, 0.00045676130685023963, 0.00040815473766997457, 0.0003880160511471331, 0.00038574982318095863, 0.0003803888102993369, 0.0003638099879026413]}