{"top_heads": [[15, 11], [15, 0], [17, 18], [15, 18], [10, 12], [12, 24], [17, 31], [16, 23], [21, 23], [19, 18], [20, 1], [17, 23], [21, 24], [13, 28], [12, 31], [15, 19], [9, 2], [12, 21], [26, 22], [20, 27], [21, 8], [12, 25], [14, 2], [17, 17], [19, 19], [27, 15], [27, 31], [13, 31], [31, 0], [26, 23], [16, 2], [10, 29], [14, 0], [17, 11], [26, 15], [16, 29], [9, 25], [14, 18], [19, 9], [16, 6], [10, 21], [24, 22], [17, 5], [24, 5], [30, 9], [20, 25], [15, 10], [17, 12], [30, 22], [13, 22], [17, 28], [30, 12], [14, 14], [11, 14], [14, 17], [12, 10], [24, 15], [16, 31], [30, 8], [31, 20], [12, 22], [11, 0], [18, 30], [10, 15], [12, 26], [19, 21], [15, 7], [26, 14], [15, 8], [24, 6], [16, 25], [12, 13], [14, 21], [29, 4], [16, 24], [28, 10], [15, 30], [16, 20], [20, 16], [16, 5], [31, 3], [13, 6], [19, 20], [21, 25], [14, 12], [31, 29], [22, 29], [20, 7], [23, 15], [17, 6], [20, 4], [13, 16], [23, 14], [31, 9], [13, 24], [25, 9], [16, 1], [14, 8], [12, 16], [15, 1]], "top_head_effects": [0.0824882835149765, 0.05796930566430092, 0.03886113315820694, 0.026153285056352615, 0.019365129992365837, 0.015603447332978249, 0.012196154333651066, 0.009754888713359833, 0.008867829106748104, 0.007616211660206318, 0.007569821085780859, 0.005932697560638189, 0.005547801963984966, 0.00546430004760623, 0.004731202032417059, 0.004501915071159601, 0.004282663576304913, 0.003993891645222902, 0.0032024041283875704, 0.0031374229583889246, 0.0030924081802368164, 0.0028698553796857595, 0.002799662994220853, 0.0026910868473351, 0.0026450268924236298, 0.0026083176489919424, 0.002484281314536929, 0.002465806668624282, 0.0024522424209862947, 0.0023633302189409733, 0.002335932804271579, 0.0022154725156724453, 0.0020976851228624582, 0.002017490565776825, 0.001992183970287442, 0.0019623837433755398, 0.0019542062655091286, 0.0019345938926562667, 0.0018271517474204302, 0.0018087169155478477, 0.0017966405721381307, 0.0017831983277574182, 0.0017505912110209465, 0.0016915608430281281, 0.0016740040155127645, 0.0015736507484689355, 0.0015637753531336784, 0.0015446135075762868, 0.0013833026168867946, 0.0013601459795609117, 0.0013569309376180172, 0.0013372659450396895, 0.0012563705677166581, 0.0012089646188542247, 0.0011895911302417517, 0.0011716850567609072, 0.0011293285060673952, 0.0010809545638039708, 0.0010356626007705927, 0.001034491346217692, 0.0010269428603351116, 0.00100808497518301, 0.0009942887118086219, 0.0009829599875956774, 0.0009674867033027112, 0.0009599555050954223, 0.0009559992467984557, 0.000953727460000664, 0.0009309035376645625, 0.0008980542770586908, 0.0008933059289120138, 0.0008492438355460763, 0.0008185621118173003, 0.0008163805468939245, 0.0008091014460660517, 0.0008021385874599218, 0.0007921970100142062, 0.0007914544548839331, 0.0007819319725967944, 0.0007757675484754145, 0.0007735636318102479, 0.000772460422012955, 0.0007673861691728234, 0.0007546033011749387, 0.0007545392727479339, 0.0007441459456458688, 0.0007259609992615879, 0.000717009708750993, 0.0006963420892134309, 0.0006943254265934229, 0.0006892720120958984, 0.000683943391777575, 0.0006832787184976041, 0.0006785133737139404, 0.0006762119592167437, 0.0006616515456698835, 0.0006502546602860093, 0.0006191435386426747, 0.0006123565253801644, 0.0006088617956265807]}