{"top_heads": [[21, 6], [17, 27], [20, 31], [22, 3], [21, 18], [15, 25], [17, 24], [14, 25], [24, 19], [25, 2], [17, 3], [15, 21], [23, 10], [14, 23], [15, 12], [16, 27], [18, 24], [14, 7], [19, 5], [17, 29], [19, 22], [25, 17], [12, 11], [31, 1], [26, 16], [13, 26], [11, 19], [13, 13], [16, 8], [21, 10], [11, 15], [18, 31], [23, 31], [18, 15], [19, 25], [14, 11], [11, 28], [15, 24], [25, 0], [20, 8], [19, 16], [22, 26], [30, 18], [12, 15], [31, 16], [22, 14], [17, 21], [15, 20], [22, 5], [14, 22], [28, 13], [31, 21], [18, 22], [20, 6], [15, 26], [16, 13], [13, 9], [18, 19], [21, 31], [29, 10], [26, 13], [25, 18], [13, 15], [22, 31], [12, 18], [26, 31], [18, 1], [13, 5], [19, 13], [25, 6], [24, 24], [13, 3], [17, 0], [12, 17], [19, 11], [18, 17], [22, 27], [26, 20], [16, 17], [21, 14], [19, 29], [16, 22], [18, 6], [27, 29], [9, 1], [24, 23], [19, 30], [26, 5], [13, 4], [14, 30], [17, 14], [7, 1], [24, 27], [21, 3], [16, 7], [18, 5], [11, 13], [12, 3], [27, 25], [31, 15]], "top_head_effects": [-0.006652700714766979, -0.005817411933094263, -0.005624306388199329, -0.00446751993149519, -0.0041376762092113495, -0.003696276806294918, -0.003144387388601899, -0.0026413595769554377, -0.002519157947972417, -0.0023694306146353483, -0.002253050683066249, -0.0020412036683410406, -0.0018592675914987922, -0.0017875253688544035, -0.001779060112312436, -0.0016367546049878001, -0.001522418693639338, -0.0015198792098090053, -0.0014672114048153162, -0.001363250077702105, -0.0013436542358249426, -0.0013128574937582016, -0.0012603146024048328, -0.0012226178077980876, -0.0011993455700576305, -0.001196785015054047, -0.0011226771166548133, -0.0010796815622597933, -0.0010106033878400922, -0.0009861813159659505, -0.000980752520263195, -0.0009710860904306173, -0.0008832745370455086, -0.0008669813396409154, -0.0008638344006612897, -0.000853421282954514, -0.0008481023251079023, -0.0008142605656757951, -0.0007652670028619468, -0.0007586246356368065, -0.0007490362622775137, -0.0006975026335567236, -0.0006896941922605038, -0.0006797063979320228, -0.000672773108817637, -0.0006509625818580389, -0.0006449772045016289, -0.0006332830525934696, -0.0006231592851690948, -0.0006176584865897894, -0.0006057239370420575, -0.0005920197581872344, -0.0005651089595630765, -0.0005457492079585791, -0.0005429493030533195, -0.000523544498719275, -0.0005216007702983916, -0.000518435554113239, -0.000517001491971314, -0.0005091546918265522, -0.0005052348133176565, -0.0004881751083303243, -0.0004637799283955246, -0.00046226780978031456, -0.00044724292820319533, -0.00043883820762857795, -0.0004332002718001604, -0.0004280742723494768, -0.0004233114013914019, -0.00041501058149151504, -0.0004132267786189914, -0.00041316304123029113, -0.00040057359728962183, -0.00039872401976026595, -0.00039865903090685606, -0.00039610450039617717, -0.0003932891122531146, -0.00039171986281871796, -0.00038822952774353325, -0.00038820947520434856, -0.00038771165418438613, -0.0003769141621887684, -0.00037487971712835133, -0.0003709806769620627, -0.0003700433881022036, -0.00035743138869293034, -0.0003469798539299518, -0.00033150354283861816, -0.0003314287168905139, -0.0003314175410196185, -0.0003300080425105989, -0.00031597301131114364, -0.0003140552435070276, -0.0003049125662073493, -0.0003045769117306918, -0.0003031794913113117, -0.0002973364607896656, -0.00029290036763995886, -0.0002916816156357527, -0.0002844644186552614]}