{"top_heads": [[0, 21], [0, 17], [1, 18], [0, 27], [2, 8], [0, 13], [3, 20], [0, 0], [0, 30], [8, 30], [1, 7], [0, 4], [0, 16], [22, 11], [1, 4], [1, 22], [2, 3], [0, 28], [0, 26], [9, 27], [0, 11], [1, 12], [2, 13], [1, 10], [27, 24], [29, 27], [24, 20], [0, 23], [17, 10], [24, 13], [0, 31], [4, 14], [21, 19], [1, 1], [2, 27], [2, 25], [1, 5], [5, 21], [1, 23], [31, 22], [3, 24], [23, 9], [1, 16], [1, 9], [0, 7], [29, 21], [21, 17], [0, 22], [1, 24], [0, 3], [23, 2], [28, 12], [2, 23], [30, 30], [26, 2], [1, 11], [29, 25], [25, 29], [9, 31], [0, 8], [24, 8], [4, 17], [0, 2], [5, 11], [2, 18], [3, 21], [3, 19], [0, 19], [23, 16], [20, 29], [5, 4], [28, 1], [27, 10], [23, 29], [2, 16], [0, 24], [26, 11], [27, 16], [1, 2], [27, 20], [3, 13], [1, 19], [3, 18], [4, 0], [3, 28], [0, 14], [9, 5], [29, 6], [2, 7], [5, 13], [25, 20], [3, 29], [22, 16], [0, 12], [2, 20], [24, 9], [2, 26], [3, 6], [28, 6], [3, 10]], "top_head_effects": [1.5944801816658583e-06, 4.121945039514685e-06, 4.20845299231587e-06, 4.872366844210774e-06, 5.098133442515973e-06, 5.144688657310326e-06, 6.144449798739515e-06, 6.252435468923068e-06, 6.590081284230109e-06, 6.6049565248249564e-06, 6.722781108692288e-06, 6.815770575485658e-06, 6.827003744547255e-06, 6.887413292133715e-06, 7.122808710846584e-06, 7.55334895075066e-06, 7.908829502412118e-06, 9.005961146613117e-06, 9.155546649708413e-06, 9.90547050605528e-06, 1.0369858500780538e-05, 1.0701999599405099e-05, 1.0940353604382835e-05, 1.0966545232804492e-05, 1.1279958016530145e-05, 1.1394518878660165e-05, 1.148734736489132e-05, 1.1939485375478398e-05, 1.290386171604041e-05, 1.2911043086205609e-05, 1.2957380931766238e-05, 1.3216420484241098e-05, 1.4353132428368554e-05, 1.4500467841571663e-05, 1.463408989366144e-05, 1.4636553714808542e-05, 1.4843289136479143e-05, 1.498548863310134e-05, 1.5205731870082673e-05, 1.5276196791091934e-05, 1.5351228284998797e-05, 1.535332739877049e-05, 1.5538495063083246e-05, 1.5983590856194496e-05, 1.6342657545465045e-05, 1.6510934074176475e-05, 1.6791553207440302e-05, 1.685283496044576e-05, 1.697927655186504e-05, 1.7483866031398065e-05, 1.7701413526083343e-05, 1.795948264771141e-05, 1.7988422769121826e-05, 1.8223910956294276e-05, 1.8362972696195357e-05, 1.836379487940576e-05, 1.851106935646385e-05, 1.8619179172674194e-05, 1.8872657165047713e-05, 1.888376755232457e-05, 1.988864278246183e-05, 2.033349846897181e-05, 2.034361386904493e-05, 2.05271971935872e-05, 2.095854506478645e-05, 2.1177358576096594e-05, 2.130824032064993e-05, 2.1499521608348005e-05, 2.1507128622033633e-05, 2.1615293007926084e-05, 2.187567952205427e-05, 2.200402377638966e-05, 2.2078234906075522e-05, 2.248640521429479e-05, 2.2637144866166636e-05, 2.303717701579444e-05, 2.3299131498788483e-05, 2.3746904844301753e-05, 2.4737342755543068e-05, 2.4817702069412917e-05, 2.490403494448401e-05, 2.4975957785500214e-05, 2.503912583051715e-05, 2.5181170713040046e-05, 2.536219653848093e-05, 2.60279393842211e-05, 2.6263405743520707e-05, 2.6848825655179098e-05, 2.685801882762462e-05, 2.707127896428574e-05, 2.7576093998504803e-05, 2.7770262022386305e-05, 2.779703208943829e-05, 2.8172657039249316e-05, 2.8308884793659672e-05, 2.837760439433623e-05, 2.8525002562673762e-05, 2.8599788493011147e-05, 2.8685328288702294e-05, 2.9020004149060696e-05]}