{"top_heads": [[15, 0], [15, 11], [17, 18], [15, 18], [10, 12], [12, 24], [16, 23], [17, 31], [20, 1], [13, 28], [19, 18], [12, 31], [21, 23], [15, 19], [17, 23], [9, 2], [12, 21], [21, 24], [16, 2], [14, 2], [12, 25], [14, 0], [13, 31], [17, 17], [24, 22], [26, 22], [16, 6], [24, 5], [10, 29], [26, 23], [9, 25], [10, 21], [15, 10], [17, 11], [19, 19], [14, 14], [14, 18], [12, 13], [31, 29], [19, 21], [17, 5], [10, 15], [11, 0], [11, 14], [19, 9], [14, 17], [26, 15], [15, 1], [13, 22], [16, 25], [27, 31], [31, 20], [16, 31], [29, 4], [21, 8], [17, 28], [20, 27], [14, 12], [13, 6], [11, 4], [24, 6], [31, 30], [14, 21], [13, 24], [12, 10], [13, 16], [22, 25], [26, 14], [30, 9], [15, 8], [25, 19], [15, 30], [28, 10], [15, 14], [27, 15], [22, 24], [10, 19], [31, 0], [17, 6], [16, 0], [12, 26], [12, 16], [16, 29], [16, 1], [12, 22], [16, 21], [15, 7], [16, 20], [30, 12], [18, 11], [25, 5], [20, 25], [16, 18], [14, 8], [24, 15], [16, 30], [30, 22], [14, 26], [22, 17], [16, 3]], "top_head_effects": [0.1112854853272438, 0.10707108676433563, 0.059350769966840744, 0.04821334034204483, 0.03854142501950264, 0.02532469481229782, 0.022546375170350075, 0.020580219104886055, 0.013750364072620869, 0.013005316257476807, 0.012310084886848927, 0.012172741815447807, 0.01139539573341608, 0.010860064998269081, 0.010507877916097641, 0.008106290362775326, 0.007846882566809654, 0.0075400169007480145, 0.007387574762105942, 0.007238910999149084, 0.006747845094650984, 0.006586055271327496, 0.006474744062870741, 0.005461131688207388, 0.005319100804626942, 0.005072390660643578, 0.004920186009258032, 0.004849527962505817, 0.004331022500991821, 0.004323218483477831, 0.0042015803046524525, 0.004190441220998764, 0.003930663224309683, 0.003885418875142932, 0.0038427088875323534, 0.0034836677368730307, 0.003402918577194214, 0.0033762939274311066, 0.0032426067627966404, 0.0031778363045305014, 0.002973137656226754, 0.0028547451365739107, 0.002851958619430661, 0.0027175925206393003, 0.0025061550550162792, 0.0023783075157552958, 0.00231157336384058, 0.00231157336384058, 0.0022791754454374313, 0.0022353979293257, 0.0021700228098779917, 0.002135257702320814, 0.002100805751979351, 0.002088835695758462, 0.002048700815066695, 0.002011955017223954, 0.002006158232688904, 0.0019932647701352835, 0.0019865138456225395, 0.0019741596188396215, 0.0019738171249628067, 0.0019736764952540398, 0.0019566165283322334, 0.0018751849420368671, 0.0018458188278600574, 0.0018392452038824558, 0.0018233329756185412, 0.0017944558057934046, 0.001786025706678629, 0.0017835641046985984, 0.0017708161612972617, 0.001749561633914709, 0.0017422346863895655, 0.0017253935802727938, 0.0017039214726537466, 0.001679552486166358, 0.0016652288613840938, 0.0016427639639005065, 0.0016079132910817862, 0.0015953460242599249, 0.0015935726696625352, 0.0015626773238182068, 0.0015565541107207537, 0.0015179658075794578, 0.0014935347717255354, 0.0014219289878383279, 0.0014019840164110065, 0.0013951322762295604, 0.0013886926462873816, 0.0013636753428727388, 0.0013612245675176382, 0.0013332308735698462, 0.0013189987512305379, 0.001291675609536469, 0.001222891267389059, 0.0012029403587803245, 0.0012013479135930538, 0.0011940801050513983, 0.0011683311313390732, 0.0011545952875167131]}