{"top_heads": [[15, 11], [15, 0], [17, 18], [15, 18], [10, 12], [12, 24], [16, 23], [17, 31], [20, 1], [13, 28], [19, 18], [12, 31], [17, 23], [21, 23], [15, 19], [9, 2], [12, 21], [14, 2], [16, 2], [21, 24], [12, 25], [14, 0], [13, 31], [24, 22], [26, 22], [17, 17], [24, 5], [10, 29], [16, 6], [26, 23], [9, 25], [10, 21], [14, 14], [17, 11], [15, 10], [19, 19], [14, 18], [12, 13], [19, 21], [11, 0], [17, 5], [16, 31], [10, 15], [11, 14], [19, 9], [27, 31], [31, 29], [13, 22], [17, 28], [24, 6], [14, 17], [16, 25], [26, 15], [13, 6], [12, 10], [30, 9], [15, 1], [27, 15], [21, 8], [11, 4], [31, 20], [14, 21], [14, 12], [16, 29], [16, 21], [20, 27], [15, 30], [15, 8], [10, 19], [22, 25], [31, 0], [13, 24], [16, 0], [17, 6], [26, 14], [22, 24], [13, 16], [14, 24], [28, 10], [29, 4], [12, 26], [15, 14], [16, 1], [18, 11], [30, 22], [15, 7], [25, 19], [16, 20], [12, 22], [14, 8], [20, 25], [16, 30], [24, 15], [16, 18], [31, 30], [27, 1], [20, 16], [12, 30], [30, 12], [13, 1]], "top_head_effects": [0.1098371148109436, 0.10152365267276764, 0.05442433804273605, 0.04542715847492218, 0.03718699887394905, 0.023127317428588867, 0.022347435355186462, 0.01725408062338829, 0.013748876750469208, 0.012074120342731476, 0.011463839560747147, 0.01111112255603075, 0.010017278604209423, 0.009620820172131062, 0.008727815002202988, 0.007429852150380611, 0.007180546410381794, 0.00698532210662961, 0.006811997853219509, 0.006186709739267826, 0.006062358617782593, 0.005771721713244915, 0.005720792803913355, 0.005386833101511002, 0.0051185800693929195, 0.0048294090665876865, 0.004629426170140505, 0.004398996010422707, 0.0042620631866157055, 0.004244765732437372, 0.004135303199291229, 0.00410569179803133, 0.0038449002895504236, 0.0036109851207584143, 0.003557741641998291, 0.0033210129477083683, 0.003242410020902753, 0.003214098745957017, 0.003062530653551221, 0.0029486699495464563, 0.002916753990575671, 0.0029087441507726908, 0.0028395813424140215, 0.002675113268196583, 0.002533644437789917, 0.00239254767075181, 0.002371064852923155, 0.0023423603270202875, 0.0022881757467985153, 0.002271462231874466, 0.0020891353487968445, 0.0020761541090905666, 0.002054672222584486, 0.002048549707978964, 0.002028455026447773, 0.0020157063845545053, 0.0019844972994178534, 0.001954598817974329, 0.0019544370006769896, 0.0019375068368390203, 0.0018881406867876649, 0.001849329099059105, 0.001806702115572989, 0.0017800612840801477, 0.0017510936595499516, 0.0017333277501165867, 0.001732968958094716, 0.0017325155204162002, 0.0017135650850832462, 0.001694521983154118, 0.001660986803472042, 0.0016483486397191882, 0.0016229792963713408, 0.0015879246639087796, 0.0015354218194261193, 0.0015338195953518152, 0.0015286782290786505, 0.0015185123775154352, 0.001511532929725945, 0.001504699233919382, 0.001480504055507481, 0.00147079152520746, 0.0014462475664913654, 0.0014364145463332534, 0.001432120450772345, 0.0014179726131260395, 0.0014169247588142753, 0.0014037188375368714, 0.0013755422551184893, 0.0013668178580701351, 0.0013596691424027085, 0.001348640420474112, 0.0013341223821043968, 0.0012881211005151272, 0.0012036365224048495, 0.0012015559477731586, 0.0011795724276453257, 0.0011727213859558105, 0.0011623702012002468, 0.0011618989519774914]}