{"top_heads": [[15, 0], [15, 11], [17, 18], [15, 18], [10, 12], [12, 24], [16, 23], [17, 31], [20, 1], [19, 18], [12, 31], [13, 28], [21, 23], [15, 19], [17, 23], [14, 2], [16, 2], [24, 22], [12, 21], [14, 0], [9, 2], [13, 31], [21, 24], [12, 25], [24, 5], [17, 17], [16, 6], [26, 22], [17, 5], [15, 10], [10, 29], [10, 21], [31, 30], [17, 11], [14, 14], [19, 19], [11, 0], [9, 25], [12, 13], [26, 23], [11, 14], [30, 9], [19, 21], [24, 15], [19, 9], [17, 28], [16, 25], [25, 19], [16, 24], [31, 20], [10, 15], [15, 30], [26, 15], [15, 8], [13, 24], [27, 31], [20, 27], [16, 21], [13, 6], [14, 17], [11, 4], [13, 22], [14, 18], [21, 8], [31, 29], [14, 12], [12, 16], [22, 24], [31, 0], [30, 12], [27, 15], [15, 1], [24, 6], [12, 30], [12, 10], [13, 16], [31, 23], [16, 0], [28, 10], [12, 26], [17, 6], [16, 5], [15, 7], [25, 5], [15, 14], [16, 3], [26, 14], [16, 31], [24, 21], [14, 21], [16, 20], [18, 11], [20, 16], [27, 1], [16, 29], [25, 9], [16, 30], [29, 4], [23, 15], [19, 20]], "top_head_effects": [0.1116589605808258, 0.09931758791208267, 0.06308221071958542, 0.05041656270623207, 0.0369461327791214, 0.023624282330274582, 0.023403005674481392, 0.019701242446899414, 0.016547685489058495, 0.01285743247717619, 0.012163413688540459, 0.011989695020020008, 0.011430347338318825, 0.011302726343274117, 0.011217952705919743, 0.008161958307027817, 0.00811321847140789, 0.007962256669998169, 0.007111222017556429, 0.006852763704955578, 0.006829159799963236, 0.006755721755325794, 0.006651683244854212, 0.006622461602091789, 0.005520304664969444, 0.005374779924750328, 0.00525077385827899, 0.004738325253129005, 0.004475921858102083, 0.004271096549928188, 0.004193576518446207, 0.004131870809942484, 0.004065478220582008, 0.00401194067671895, 0.003696049563586712, 0.0035505963023751974, 0.0034475671127438545, 0.0034244866110384464, 0.0032719108276069164, 0.003226775676012039, 0.0030115244444459677, 0.0029225952457636595, 0.002877908293157816, 0.002867967588827014, 0.002741164993494749, 0.0026871024165302515, 0.002571156481280923, 0.002445159712806344, 0.002406864892691374, 0.002384035149589181, 0.0023485450074076653, 0.002268365118652582, 0.0022634980268776417, 0.002121726516634226, 0.0020835043396800756, 0.002063712803646922, 0.0020634548272937536, 0.0020381114445626736, 0.0019842993933707476, 0.0019376155687496066, 0.0019193777116015553, 0.0019177176291123033, 0.0018928747158497572, 0.001871179905720055, 0.0018696582410484552, 0.0018675787141546607, 0.0018477329285815358, 0.0018308518920093775, 0.0018043832387775183, 0.0017822555964812636, 0.0017594227101653814, 0.0017389773856848478, 0.0017127512255683541, 0.00171091768424958, 0.0015979668824002147, 0.0015862190630286932, 0.001558099058456719, 0.0015385800506919622, 0.0015134719433262944, 0.0014964381698518991, 0.0014959101099520922, 0.0014921356923878193, 0.0014681690372526646, 0.0014644501497969031, 0.0014601530274376273, 0.0014565590536221862, 0.001449572155252099, 0.0014338144101202488, 0.0013958510244265199, 0.0013566561974585056, 0.001314752735197544, 0.001305486774072051, 0.0012996932491660118, 0.001293249661102891, 0.0012768279993906617, 0.0012767640873789787, 0.001274833339266479, 0.0012366941664367914, 0.0012292206520214677, 0.0012198644690215588]}