{"top_heads": [[15, 19], [17, 23], [15, 30], [17, 11], [18, 19], [14, 24], [16, 1], [15, 23], [14, 2], [17, 6], [18, 15], [16, 18], [21, 23], [17, 26], [19, 21], [19, 18], [11, 0], [17, 18], [27, 31], [20, 18], [17, 17], [15, 18], [10, 22], [10, 15], [19, 29], [12, 13], [16, 23], [15, 4], [14, 0], [29, 4], [31, 0], [19, 9], [15, 9], [16, 21], [18, 26], [26, 23], [17, 25], [14, 8], [22, 24], [25, 17], [14, 5], [30, 7], [31, 9], [13, 20], [12, 23], [11, 25], [22, 8], [26, 15], [11, 4], [18, 25], [30, 14], [15, 25], [29, 9], [9, 1], [11, 14], [21, 24], [18, 22], [18, 18], [20, 1], [15, 28], [16, 2], [17, 20], [13, 18], [10, 24], [22, 18], [13, 31], [15, 16], [13, 7], [16, 22], [16, 4], [30, 9], [11, 11], [21, 27], [13, 16], [13, 24], [23, 21], [16, 25], [16, 5], [29, 14], [24, 22], [14, 27], [22, 30], [13, 6], [18, 6], [17, 30], [17, 29], [12, 7], [19, 20], [21, 0], [12, 31], [13, 19], [23, 13], [24, 0], [12, 30], [31, 29], [23, 14], [17, 24], [18, 27], [13, 1], [20, 6]], "top_head_effects": [0.02264310233294964, 0.015820585191249847, 0.01541114691644907, 0.011628652922809124, 0.011490385979413986, 0.010549907572567463, 0.009746409021317959, 0.009380107745528221, 0.008770985528826714, 0.008360447362065315, 0.008068987168371677, 0.007731854449957609, 0.007663740776479244, 0.007363812066614628, 0.007192031480371952, 0.007093902677297592, 0.007091767154633999, 0.006710899528115988, 0.006280364468693733, 0.0061813644133508205, 0.0058692083694040775, 0.005624865647405386, 0.005592152941972017, 0.005364764016121626, 0.004909588024020195, 0.004902183078229427, 0.0047761742025613785, 0.004729012027382851, 0.004602067172527313, 0.004591517150402069, 0.004586238879710436, 0.004350719507783651, 0.004271577578037977, 0.004251839593052864, 0.00412913179025054, 0.003789911512285471, 0.003737039864063263, 0.003692343831062317, 0.003555039642378688, 0.003312632441520691, 0.003189683426171541, 0.003145806025713682, 0.0030380827374756336, 0.0030056985560804605, 0.0029869864229112864, 0.0029506792780011892, 0.0027878277469426394, 0.0027366431895643473, 0.002684304490685463, 0.0026774792931973934, 0.0026582542341202497, 0.0026233303360641003, 0.0025895503349602222, 0.0025456096045672894, 0.002485630800947547, 0.002385870786383748, 0.0023694797419011593, 0.0023358005564659834, 0.0022882071789354086, 0.0022554537281394005, 0.0022230874747037888, 0.0022042535711079836, 0.002162356162443757, 0.0020957316737622023, 0.002032341668382287, 0.002012409269809723, 0.0018990436801686883, 0.0018869563937187195, 0.0018589437240734696, 0.0018419480184093118, 0.0017448975704610348, 0.0016868866514414549, 0.0016639966052025557, 0.0016536425100639462, 0.0015769063029438257, 0.001574514782987535, 0.001552054425701499, 0.0015322976978495717, 0.0015252154553309083, 0.0015104141784831882, 0.0014971841592341661, 0.0014891844475641847, 0.001455563004128635, 0.0014441832900047302, 0.0014270812971517444, 0.0014253046829253435, 0.001373395905829966, 0.0013677889946848154, 0.0013359630247578025, 0.0013350563822314143, 0.001330915605649352, 0.0013248682953417301, 0.0012590878177434206, 0.0012494927505031228, 0.0012191812274977565, 0.0012070335214957595, 0.0011743028881028295, 0.0011659356532618403, 0.0011572454823181033, 0.001153280260041356]}