{"top_heads": [[15, 19], [17, 23], [15, 30], [17, 11], [14, 2], [14, 24], [17, 18], [31, 0], [19, 18], [15, 23], [11, 0], [10, 15], [19, 21], [21, 23], [18, 19], [27, 31], [16, 18], [16, 1], [17, 6], [15, 18], [10, 22], [18, 15], [17, 26], [16, 23], [20, 18], [14, 8], [12, 13], [26, 23], [17, 17], [14, 0], [31, 9], [11, 25], [15, 9], [15, 4], [26, 15], [19, 29], [19, 9], [22, 24], [13, 20], [16, 21], [9, 1], [14, 5], [12, 23], [29, 4], [18, 26], [20, 1], [17, 25], [16, 2], [10, 24], [11, 14], [29, 9], [15, 25], [11, 4], [30, 7], [22, 8], [30, 14], [25, 17], [15, 28], [22, 18], [13, 7], [19, 20], [12, 7], [17, 24], [15, 11], [18, 25], [13, 31], [15, 16], [21, 24], [22, 30], [13, 18], [18, 18], [24, 22], [11, 11], [18, 22], [16, 5], [12, 16], [29, 14], [16, 29], [30, 9], [12, 31], [13, 6], [21, 27], [21, 0], [14, 4], [13, 22], [17, 30], [23, 21], [17, 29], [11, 27], [13, 24], [6, 5], [16, 25], [12, 10], [29, 5], [12, 30], [12, 25], [24, 0], [19, 3], [17, 20], [17, 2]], "top_head_effects": [0.01607651077210903, 0.01184975728392601, 0.009534415788948536, 0.007131245918571949, 0.006904176436364651, 0.006170615088194609, 0.006101274862885475, 0.005800194106996059, 0.005774988792836666, 0.005758440587669611, 0.005436778534203768, 0.005381694994866848, 0.005239672958850861, 0.004851095844060183, 0.00481252558529377, 0.00478374445810914, 0.004658232443034649, 0.004588954616338015, 0.004579308442771435, 0.00429716520011425, 0.00421416899189353, 0.004051147028803825, 0.003668601391837001, 0.0036583913024514914, 0.0036182699259370565, 0.0035336262080818415, 0.0033989453222602606, 0.0032722335308790207, 0.003123719245195389, 0.0029919042717665434, 0.0029071406461298466, 0.002812895691022277, 0.002778087044134736, 0.002764715813100338, 0.0027614515274763107, 0.002586793154478073, 0.002526554511860013, 0.002421334618702531, 0.0024055594112724066, 0.0023988529574126005, 0.002334480406716466, 0.0022302516736090183, 0.0021837500389665365, 0.0021675429306924343, 0.002160352421924472, 0.0021168296225368977, 0.002092242706567049, 0.0019665120635181665, 0.0019083506194874644, 0.0018989210948348045, 0.0018924007890745997, 0.00188860681373626, 0.0018858875846490264, 0.0018343802075833082, 0.0018172356067225337, 0.001799513236619532, 0.0017739105969667435, 0.0016542667290195823, 0.0016038641333580017, 0.0015627859393134713, 0.0014086997834965587, 0.0013937177136540413, 0.0013827908551320434, 0.0013610292226076126, 0.0013308626366779208, 0.0013220257824286819, 0.0013175831409171224, 0.001317290822044015, 0.001284290454350412, 0.0012803785502910614, 0.0012682352680712938, 0.0012500579468905926, 0.0012203813530504704, 0.0012170001864433289, 0.001199920428916812, 0.0011989460326731205, 0.0011944948928430676, 0.001186869922094047, 0.001123150927014649, 0.0011154408566653728, 0.0011134796077385545, 0.00110245356336236, 0.0010911276331171393, 0.0010592731414362788, 0.0010020596673712134, 0.0010012355633080006, 0.0009963270276784897, 0.0009670270956121385, 0.0009525019559077919, 0.0009523087064735591, 0.0009502808097749949, 0.0009239966748282313, 0.0009171857964247465, 0.0009146438678726554, 0.000906511617358774, 0.0008924727444536984, 0.0008892765617929399, 0.0008738816250115633, 0.0008560011046938598, 0.000844764756038785]}