{"top_heads": [[17, 3], [18, 1], [19, 16], [20, 31], [31, 16], [14, 25], [28, 18], [30, 31], [17, 12], [17, 27], [11, 28], [20, 7], [16, 8], [22, 14], [11, 15], [27, 29], [11, 19], [19, 23], [14, 7], [26, 5], [10, 7], [17, 14], [14, 23], [24, 19], [25, 26], [12, 11], [28, 11], [10, 28], [11, 13], [26, 12], [15, 21], [30, 5], [17, 21], [12, 15], [26, 13], [13, 13], [16, 31], [18, 24], [15, 3], [26, 28], [23, 15], [24, 23], [15, 12], [29, 17], [31, 21], [13, 26], [16, 27], [22, 3], [11, 2], [19, 13], [15, 24], [11, 23], [29, 11], [31, 15], [21, 18], [30, 4], [10, 5], [14, 11], [25, 0], [22, 21], [14, 4], [31, 8], [18, 11], [21, 10], [25, 10], [30, 3], [9, 0], [31, 11], [26, 8], [11, 16], [25, 2], [29, 16], [13, 10], [22, 5], [23, 1], [9, 6], [30, 8], [26, 31], [31, 20], [16, 13], [26, 4], [12, 28], [24, 24], [16, 24], [19, 25], [8, 8], [13, 19], [16, 15], [12, 10], [6, 30], [30, 25], [19, 12], [18, 14], [12, 12], [12, 16], [30, 6], [12, 4], [26, 16], [15, 5], [8, 13]], "top_head_effects": [-0.008562535978853703, -0.006006056908518076, -0.0048823575489223, -0.004838156513869762, -0.003262607380747795, -0.003218121128156781, -0.0031083666253834963, -0.0030941052827984095, -0.002994273090735078, -0.0027001667767763138, -0.002480978611856699, -0.002420386066660285, -0.002238600281998515, -0.0021574278362095356, -0.0021139869932085276, -0.0019804032053798437, -0.0019717474933713675, -0.001941015012562275, -0.0018987607909366488, -0.001875798567198217, -0.0018529847729951143, -0.0018052507657557726, -0.001791681512258947, -0.0017851225566118956, -0.0017551362980157137, -0.001732248580083251, -0.001718501327559352, -0.0016791952075436711, -0.001656846608966589, -0.0015901887090876698, -0.00157638278324157, -0.0015245529357343912, -0.0015035913093015552, -0.0014105936279520392, -0.0014000561786815524, -0.001397412270307541, -0.0013767165364697576, -0.0013709181221202016, -0.0013318239944055676, -0.0012635195162147284, -0.0012600136687979102, -0.0011603781022131443, -0.0011334235314279795, -0.001113937352783978, -0.0010855387663468719, -0.0010502206860110164, -0.0010091039584949613, -0.0009975344873964787, -0.0009933555265888572, -0.0009620907949283719, -0.0009544121567159891, -0.0009384203585796058, -0.000891230592969805, -0.0008510801708325744, -0.0008438420481979847, -0.0008421611855737865, -0.0008226895588450134, -0.0007775282138027251, -0.0007159966044127941, -0.0006992637063376606, -0.0006987983942963183, -0.0006932520773261786, -0.0006899234722368419, -0.0006684823310934007, -0.000664358027279377, -0.0006591178243979812, -0.0006582135683856905, -0.000657387834507972, -0.0006440416327677667, -0.0006144850049167871, -0.0006119744502939284, -0.0006115857977420092, -0.0006095397402532399, -0.0006004113820381463, -0.0005832530441693962, -0.0005756821483373642, -0.0005721042398363352, -0.0005712466081604362, -0.0005676504224538803, -0.000558491563424468, -0.0005471009062603116, -0.0005346567486412823, -0.0005269788089208305, -0.0005071209161542356, -0.0004914215533062816, -0.0004912838339805603, -0.0004911622381769121, -0.0004878432664554566, -0.0004852124839089811, -0.00046283466508612037, -0.00043725394061766565, -0.0004365888307802379, -0.0004234414373058826, -0.000408210966270417, -0.0004076988552697003, -0.00040453157271258533, -0.0004045116947963834, -0.00040249235462397337, -0.000389654393075034, -0.0003743543347809464]}