{"top_heads": [[15, 19], [17, 23], [15, 30], [17, 11], [14, 2], [17, 18], [19, 18], [31, 0], [11, 0], [21, 23], [10, 15], [15, 23], [16, 23], [12, 13], [17, 17], [16, 1], [14, 24], [10, 22], [19, 21], [27, 31], [11, 25], [15, 18], [26, 15], [19, 9], [18, 19], [18, 15], [17, 6], [12, 23], [16, 21], [16, 18], [14, 0], [17, 26], [11, 4], [26, 23], [31, 9], [18, 18], [14, 8], [20, 18], [13, 20], [13, 7], [10, 24], [12, 7], [6, 5], [9, 1], [29, 9], [19, 29], [22, 24], [19, 20], [20, 1], [21, 24], [13, 24], [14, 18], [13, 6], [17, 25], [15, 4], [18, 26], [18, 25], [30, 7], [12, 30], [13, 30], [11, 14], [13, 31], [22, 8], [11, 22], [30, 14], [21, 27], [10, 30], [10, 4], [7, 4], [14, 5], [15, 9], [29, 4], [21, 0], [12, 31], [15, 28], [16, 6], [17, 30], [11, 29], [20, 16], [14, 12], [17, 20], [16, 2], [13, 22], [11, 31], [11, 20], [22, 30], [23, 14], [15, 25], [11, 11], [18, 22], [30, 9], [25, 17], [15, 16], [18, 30], [11, 3], [29, 14], [11, 30], [11, 12], [24, 22], [20, 10]], "top_head_effects": [0.016663968563079834, 0.014346947893500328, 0.008588330820202827, 0.008423960767686367, 0.007854918949306011, 0.007253924384713173, 0.006842225324362516, 0.006509771570563316, 0.006436651106923819, 0.006420582067221403, 0.0059249261394143105, 0.0052846758626401424, 0.005047496873885393, 0.004981618840247393, 0.004780544899404049, 0.0047156414948403835, 0.004538129083812237, 0.004481262527406216, 0.004402127582579851, 0.004209298640489578, 0.004183773882687092, 0.004038132261484861, 0.0038257509004324675, 0.0037074547726660967, 0.0036814582999795675, 0.0035723575856536627, 0.0035493881441652775, 0.0035337437875568867, 0.0034767580218613148, 0.0034651283640414476, 0.003356200410053134, 0.0033337604254484177, 0.003129436634480953, 0.003090471727773547, 0.0029236897826194763, 0.0027860754635185003, 0.0026465088594704866, 0.002519618021324277, 0.002441342920064926, 0.0023842561058700085, 0.0023747053928673267, 0.002177812159061432, 0.0021637871395796537, 0.0021103539038449526, 0.0020874994806945324, 0.0020321274641901255, 0.0020275027491152287, 0.0020218349527567625, 0.002009066753089428, 0.001964622875675559, 0.0018513983814045787, 0.0018468619091436267, 0.0017163546290248632, 0.0017139745177701116, 0.0016995692858472466, 0.0016994040925055742, 0.0016818905714899302, 0.0016669854521751404, 0.0016547145787626505, 0.001652425853535533, 0.0015833128709346056, 0.001560894655995071, 0.001553582726046443, 0.0014890850288793445, 0.0014861824456602335, 0.0014593732776120305, 0.0014096881495788693, 0.0013749923091381788, 0.001321005285717547, 0.001318545313552022, 0.0013051199493929744, 0.001288043917156756, 0.0012656173203140497, 0.0012643602676689625, 0.001259242999367416, 0.0012421641731634736, 0.0012332246406003833, 0.0012317645596340299, 0.001191928400658071, 0.0011648490326479077, 0.0011506364680826664, 0.0011428736615926027, 0.0011191371595486999, 0.0011004394618794322, 0.0010920094791799784, 0.0010871662525460124, 0.00108674680814147, 0.0010533800814300776, 0.0010522742522880435, 0.0010241937125101686, 0.0010205319849774241, 0.0010161360260099173, 0.0010130234295502305, 0.0010040657361969352, 0.0009882091544568539, 0.000966864638030529, 0.0009539546445012093, 0.0009362551500089467, 0.0009255480254068971, 0.0009216078906320035]}