{"top_heads": [[17, 3], [18, 1], [19, 16], [14, 25], [19, 23], [23, 15], [16, 8], [30, 31], [20, 7], [20, 31], [28, 18], [11, 19], [14, 11], [17, 27], [26, 5], [22, 14], [25, 26], [17, 14], [17, 21], [25, 14], [16, 31], [15, 3], [27, 29], [31, 16], [14, 23], [28, 11], [24, 19], [22, 3], [12, 11], [13, 13], [21, 10], [11, 28], [26, 25], [26, 13], [28, 23], [29, 17], [12, 5], [14, 7], [26, 12], [11, 15], [19, 25], [15, 24], [12, 15], [13, 5], [15, 5], [18, 14], [31, 21], [26, 28], [16, 27], [30, 5], [28, 28], [16, 13], [24, 23], [26, 4], [18, 24], [19, 30], [16, 24], [9, 13], [13, 29], [31, 15], [19, 13], [30, 8], [22, 17], [31, 3], [23, 1], [19, 12], [10, 28], [24, 24], [25, 0], [22, 5], [8, 13], [16, 20], [15, 8], [10, 16], [12, 12], [24, 17], [30, 4], [31, 25], [11, 16], [31, 27], [14, 31], [25, 2], [30, 19], [10, 7], [7, 23], [12, 17], [18, 11], [10, 14], [15, 29], [16, 15], [25, 10], [24, 16], [22, 27], [12, 28], [25, 19], [25, 18], [28, 15], [29, 16], [11, 2], [27, 6]], "top_head_effects": [-0.013326525688171387, -0.010122236795723438, -0.006459372118115425, -0.004645106382668018, -0.004523732233792543, -0.004298151005059481, -0.004194265231490135, -0.004164385609328747, -0.004096379969269037, -0.003996829967945814, -0.003356070490553975, -0.0029518536757677794, -0.002855373313650489, -0.002823500894010067, -0.002809265861287713, -0.0026984992437064648, -0.0026080806273967028, -0.002415996976196766, -0.002387356711551547, -0.0023165519814938307, -0.00226880656555295, -0.002089055022224784, -0.0020488202571868896, -0.002006718423217535, -0.001928037847392261, -0.0019050838891416788, -0.0018516267882660031, -0.0017112087225541472, -0.0016164142871275544, -0.0016135595506057143, -0.001556829665787518, -0.001547285937704146, -0.0015356055228039622, -0.0015332289040088654, -0.0014744765358045697, -0.0014244396006688476, -0.0013887184904888272, -0.0013716192916035652, -0.0013546538539230824, -0.0013172761537134647, -0.0013146927813068032, -0.0013073459267616272, -0.0012653524754568934, -0.0012475216062739491, -0.0012366415467113256, -0.001195529825054109, -0.0011616932461038232, -0.0011596757685765624, -0.0011332620633766055, -0.001099974731914699, -0.0010711019858717918, -0.0010491504799574614, -0.0010350925149396062, -0.0010114532196894288, -0.0009752666228450835, -0.0009554568096064031, -0.0009373907814733684, -0.0009333675843663514, -0.0009248532587662339, -0.0009093832923099399, -0.0008377009653486311, -0.0008179967408068478, -0.000801142945419997, -0.0007934077293612063, -0.0007648641476407647, -0.000758918933570385, -0.0007024504011496902, -0.0007000354817137122, -0.0006770496256649494, -0.0006596200400963426, -0.0006482534809038043, -0.0006465022452175617, -0.0006349682807922363, -0.0006137269665487111, -0.000612169795203954, -0.0005911676562391222, -0.0005689440295100212, -0.0005657516303472221, -0.0005643228068947792, -0.0005588917410932481, -0.0005588522762991488, -0.0005551642389036715, -0.0005399390938691795, -0.0005360398208722472, -0.0005326366517692804, -0.0005203852779231966, -0.0005069868639111519, -0.000496590044349432, -0.000494816922582686, -0.0004914106102660298, -0.00045715822489000857, -0.00045642489567399025, -0.00045189724187366664, -0.0004482376098167151, -0.00044674825039692223, -0.0004418864264152944, -0.0004415821749716997, -0.0004317038110457361, -0.0004180422401987016, -0.00041405390948057175]}