{"top_heads": [[21, 6], [17, 27], [22, 3], [20, 31], [17, 3], [24, 19], [17, 24], [15, 25], [21, 18], [25, 2], [25, 17], [19, 5], [14, 25], [19, 16], [18, 24], [18, 31], [15, 12], [15, 21], [16, 27], [14, 7], [19, 22], [16, 8], [31, 1], [17, 29], [15, 2], [21, 10], [14, 23], [26, 16], [23, 10], [11, 19], [20, 8], [11, 15], [30, 2], [13, 10], [12, 11], [18, 19], [22, 5], [26, 13], [19, 13], [30, 18], [28, 13], [31, 21], [11, 28], [16, 13], [19, 23], [19, 25], [25, 0], [14, 11], [13, 5], [14, 22], [18, 1], [17, 0], [20, 6], [31, 16], [14, 27], [13, 13], [28, 18], [26, 28], [19, 30], [13, 9], [16, 7], [29, 10], [26, 12], [28, 15], [24, 27], [28, 28], [31, 8], [19, 11], [17, 21], [22, 14], [23, 12], [23, 31], [22, 26], [12, 15], [15, 20], [23, 21], [30, 31], [15, 26], [25, 26], [22, 21], [26, 7], [26, 5], [17, 14], [12, 18], [18, 6], [21, 21], [21, 14], [13, 15], [16, 17], [18, 5], [30, 6], [24, 24], [18, 17], [13, 7], [25, 6], [22, 31], [31, 15], [24, 23], [15, 16], [18, 22]], "top_head_effects": [-0.008817240595817566, -0.004345648922026157, -0.0036260299384593964, -0.0036068817134946585, -0.00331012811511755, -0.0026846376713365316, -0.002210898557677865, -0.00208714185282588, -0.002015913836658001, -0.0018177767051383853, -0.0017270022071897984, -0.0014885475393384695, -0.001472366158850491, -0.0014581832801923156, -0.0014306005323305726, -0.0012450189096853137, -0.0012431329814717174, -0.0012354754144325852, -0.0012208189582452178, -0.0010665470035746694, -0.001016391790471971, -0.0009759191889315844, -0.0009637325420044363, -0.0009287905995734036, -0.000922414765227586, -0.000919995887670666, -0.0008768045227043331, -0.0008352425647899508, -0.0007991100428625941, -0.0007920934003777802, -0.0007261309074237943, -0.0007137673674151301, -0.0006739909294992685, -0.00065737369004637, -0.0006214827299118042, -0.0006180325872264802, -0.0005997278494760394, -0.0005944567383266985, -0.0005553612136282027, -0.0005534092197194695, -0.0005271853297017515, -0.0005197242717258632, -0.0005193585529923439, -0.0005119896377436817, -0.0005014454363845289, -0.0004946247790940106, -0.0004927425179630518, -0.00047628863831050694, -0.00047426376841031015, -0.0004694909730460495, -0.0004618226666934788, -0.0004431288398336619, -0.00042620146996341646, -0.0004248612967785448, -0.00041922967648133636, -0.00040916752186603844, -0.00040068518137559295, -0.00039402375114150345, -0.0003865060571115464, -0.0003799366531893611, -0.00036421624827198684, -0.0003620445204433054, -0.0003446788468863815, -0.0003371310012880713, -0.0003358063113410026, -0.00033009835169650614, -0.00032284401822835207, -0.000321071915095672, -0.00031932926503941417, -0.00031602405942976475, -0.00031496991869062185, -0.0003085464413743466, -0.0003048641374334693, -0.00030410088947974145, -0.0003036104026250541, -0.00029840905335731804, -0.0002953603398054838, -0.00028932103305123746, -0.0002879624080378562, -0.0002872470940928906, -0.00028650357853621244, -0.00028279772959649563, -0.00027682012296281755, -0.00026349653489887714, -0.0002513202780392021, -0.00024107235367409885, -0.00024089246289804578, -0.00023573191720061004, -0.00023465376580134034, -0.0002327507536392659, -0.0002261957706650719, -0.0002259467146359384, -0.0002246867079520598, -0.000224423740291968, -0.00022247836750466377, -0.000219695721170865, -0.0002160356962122023, -0.00021421066776383668, -0.00019724474987015128, -0.00019282069115433842]}