{"top_heads": [[17, 3], [18, 1], [30, 31], [23, 15], [28, 18], [14, 25], [19, 16], [20, 31], [19, 23], [31, 16], [20, 7], [11, 19], [26, 5], [16, 8], [14, 11], [27, 29], [25, 26], [31, 21], [14, 23], [22, 14], [17, 27], [28, 11], [17, 21], [12, 11], [24, 19], [17, 14], [22, 3], [29, 17], [11, 28], [21, 10], [26, 12], [30, 5], [25, 14], [16, 31], [16, 13], [13, 13], [15, 24], [26, 8], [12, 5], [26, 13], [31, 15], [14, 7], [29, 16], [26, 28], [28, 28], [25, 0], [25, 10], [16, 27], [25, 2], [15, 3], [19, 25], [15, 5], [24, 24], [11, 15], [9, 13], [10, 28], [10, 16], [26, 4], [10, 5], [31, 27], [11, 16], [18, 14], [30, 4], [19, 30], [16, 20], [12, 15], [19, 13], [18, 24], [11, 13], [15, 21], [26, 16], [30, 8], [31, 7], [19, 12], [30, 6], [11, 2], [7, 23], [10, 0], [29, 11], [26, 31], [9, 0], [8, 13], [11, 8], [22, 17], [31, 3], [23, 6], [13, 29], [28, 27], [14, 19], [26, 7], [21, 18], [12, 8], [11, 18], [20, 20], [13, 14], [10, 11], [12, 12], [30, 3], [13, 27], [13, 5]], "top_head_effects": [-0.008430304937064648, -0.005446921568363905, -0.0033477216493338346, -0.00322395795956254, -0.003074430162087083, -0.0030182867776602507, -0.003008361207321286, -0.0029572758357971907, -0.0026479989755898714, -0.0025065939407795668, -0.0024782433174550533, -0.002420625649392605, -0.002400981495156884, -0.002219746820628643, -0.0021334949415177107, -0.0020420795772224665, -0.0019855282735079527, -0.001857070834375918, -0.0018274575704708695, -0.00172033638227731, -0.001647832803428173, -0.001645169104449451, -0.0016297770198434591, -0.0016226755687966943, -0.00157181138638407, -0.0015314313350245357, -0.0014706403017044067, -0.0014541053678840399, -0.0012991143157705665, -0.0012664401438087225, -0.0011967667378485203, -0.0011771725257858634, -0.0011676943395286798, -0.0010579980444163084, -0.0010185155551880598, -0.0010152808390557766, -0.0009945546044036746, -0.000988675281405449, -0.0009867270709946752, -0.0009710330632515252, -0.0009668672573752701, -0.0009470911463722587, -0.0009200474014505744, -0.0009179505286738276, -0.0008589430362917483, -0.0008315592422150075, -0.000825371069367975, -0.0008111927309073508, -0.0007702451548539102, -0.0007612025365233421, -0.0007327606435865164, -0.000694268208462745, -0.0006876133265905082, -0.0006866464391350746, -0.0006834813975729048, -0.0006798774120397866, -0.000662718084640801, -0.0006561242626048625, -0.0006332122720777988, -0.0005954837542958558, -0.0005937836831435561, -0.000588167691603303, -0.0005750211421400309, -0.0005560135468840599, -0.0005512936040759087, -0.0005327671533450484, -0.0005293183494359255, -0.0005271799163892865, -0.0005269848625175655, -0.0005191747331991792, -0.0005042579723522067, -0.000497419445309788, -0.0004898104816675186, -0.00048582616727799177, -0.00047370564425364137, -0.00047266174806281924, -0.00046334645594470203, -0.0004504916141740978, -0.0004446942766662687, -0.00044134273775853217, -0.0004389324749354273, -0.0004348721413407475, -0.00043264191481284797, -0.000432333821663633, -0.00042906036833301187, -0.00041901395888999104, -0.0004183503915555775, -0.00041743606561794877, -0.00041297473944723606, -0.00040449839434586465, -0.00039676250889897346, -0.00038856291212141514, -0.00038639738340862095, -0.0003764790017157793, -0.0003760530089493841, -0.00037318194517865777, -0.0003721716348081827, -0.00037158807390369475, -0.000366989872418344, -0.00036668885149993]}