{"top_heads": [[21, 6], [22, 3], [17, 27], [20, 31], [15, 25], [14, 25], [17, 3], [21, 18], [17, 24], [14, 23], [15, 12], [15, 21], [13, 13], [12, 11], [11, 19], [16, 27], [19, 5], [25, 2], [17, 29], [14, 11], [24, 19], [23, 10], [13, 5], [19, 25], [15, 24], [15, 3], [14, 7], [11, 15], [13, 26], [31, 1], [19, 22], [11, 28], [20, 8], [22, 21], [18, 15], [12, 15], [22, 5], [21, 10], [18, 31], [14, 22], [16, 8], [15, 26], [22, 31], [26, 16], [15, 20], [17, 21], [19, 13], [18, 24], [16, 13], [18, 1], [13, 9], [22, 14], [24, 27], [26, 5], [21, 31], [23, 31], [17, 0], [18, 19], [30, 18], [25, 6], [14, 31], [22, 18], [22, 27], [25, 0], [13, 10], [22, 26], [26, 31], [25, 17], [29, 10], [16, 7], [13, 15], [17, 14], [7, 1], [19, 11], [28, 11], [19, 16], [31, 16], [16, 22], [13, 4], [30, 8], [31, 31], [15, 5], [23, 12], [9, 1], [26, 12], [16, 4], [12, 19], [26, 20], [13, 3], [10, 7], [18, 14], [23, 19], [13, 2], [27, 6], [9, 3], [12, 3], [17, 22], [8, 13], [23, 3], [24, 29]], "top_head_effects": [-0.011948595754802227, -0.009584318846464157, -0.00822649896144867, -0.007124655414372683, -0.006195523776113987, -0.005955411586910486, -0.005585337523370981, -0.004990450106561184, -0.004651729017496109, -0.0041472031734883785, -0.003675269428640604, -0.00346798961982131, -0.003364402800798416, -0.0031202384270727634, -0.003079944057390094, -0.0028974711894989014, -0.002755047520622611, -0.0027439119294285774, -0.002726215636357665, -0.0027089565992355347, -0.0026063176337629557, -0.002585996175184846, -0.0024643498472869396, -0.0022130769211798906, -0.0020283227786421776, -0.0019107036059722304, -0.0019082522485405207, -0.001741574378684163, -0.0016837597358971834, -0.001649989397265017, -0.0016101180808618665, -0.0015495363622903824, -0.0015411828644573689, -0.0014676220016553998, -0.001457340084016323, -0.0014455404598265886, -0.0014445430133491755, -0.0014260481111705303, -0.001377442735247314, -0.0013714265078306198, -0.0013612667098641396, -0.0013014459982514381, -0.0012991240946576, -0.0012814296642318368, -0.0012573784915730357, -0.0012227533152326941, -0.0011604613391682506, -0.0010984136024489999, -0.0010936587350443006, -0.0010869906982406974, -0.0010737758129835129, -0.001073065330274403, -0.0010418975725769997, -0.0010355263948440552, -0.0009678087080828846, -0.0009594184230081737, -0.0009045616025105119, -0.0008864906849339604, -0.0008453166228719056, -0.000828213058412075, -0.000786174729000777, -0.0007325952174142003, -0.0007245010929182172, -0.0007149853627197444, -0.0007135640480555594, -0.0007103591342456639, -0.0007016597082838416, -0.0006891029188409448, -0.0006771815242245793, -0.0006737853400409222, -0.0006693825707770884, -0.0006590731791220605, -0.0006537149893119931, -0.0006450703367590904, -0.0006163479993119836, -0.000576981867197901, -0.0005717814201489091, -0.0005390364676713943, -0.0005343286320567131, -0.0005325415986590087, -0.0005272686830721796, -0.000518752436619252, -0.0005143163143657148, -0.0005031570326536894, -0.0004630883049685508, -0.0004542478418443352, -0.00044062879169359803, -0.0004397912125568837, -0.0004263717564754188, -0.00041302325553260744, -0.00040926309884525836, -0.00040353945223614573, -0.00040249162702821195, -0.0003967944358009845, -0.00039279760676436126, -0.00038748342194594443, -0.00038740705349482596, -0.00038032233715057373, -0.00037591421278193593, -0.00037149435956962407]}