{"top_heads": [[15, 11], [15, 0], [17, 18], [15, 18], [10, 12], [12, 24], [17, 31], [16, 23], [21, 23], [20, 1], [19, 18], [21, 24], [13, 28], [17, 23], [12, 31], [9, 2], [15, 19], [12, 21], [12, 25], [14, 2], [20, 27], [17, 17], [26, 23], [21, 8], [26, 22], [16, 2], [24, 22], [19, 19], [31, 0], [27, 15], [13, 31], [27, 31], [9, 25], [14, 0], [10, 29], [10, 21], [17, 11], [16, 6], [14, 18], [24, 5], [26, 15], [15, 10], [16, 29], [13, 22], [19, 9], [12, 10], [17, 5], [30, 22], [17, 12], [20, 25], [14, 17], [14, 14], [10, 15], [11, 14], [19, 21], [30, 8], [11, 0], [17, 28], [14, 8], [14, 21], [30, 12], [15, 30], [16, 21], [12, 22], [12, 26], [12, 13], [16, 1], [15, 8], [14, 12], [16, 25], [13, 6], [22, 29], [15, 7], [16, 0], [31, 9], [30, 9], [23, 15], [31, 20], [31, 3], [10, 19], [16, 20], [13, 16], [17, 6], [25, 19], [16, 31], [20, 16], [31, 29], [24, 6], [11, 4], [18, 30], [25, 5], [22, 24], [19, 20], [26, 14], [21, 27], [15, 1], [14, 4], [20, 7], [12, 30], [18, 11]], "top_head_effects": [0.09117567539215088, 0.06131153181195259, 0.03885035961866379, 0.02938988246023655, 0.022838979959487915, 0.017475822940468788, 0.012786919251084328, 0.010850743390619755, 0.009641345590353012, 0.0084125567227602, 0.008064843714237213, 0.006923852488398552, 0.00657140277326107, 0.006114365067332983, 0.005504597444087267, 0.0053475722670555115, 0.005105174146592617, 0.0050649503245949745, 0.0033344931434839964, 0.0031508624088019133, 0.0031291604973375797, 0.00312763056717813, 0.0030163221526890993, 0.0029233607929199934, 0.0028717336244881153, 0.0028690106701105833, 0.002816957887262106, 0.0027974818367511034, 0.002723489422351122, 0.002668806118890643, 0.0026629792992025614, 0.0025824483018368483, 0.002433945657685399, 0.002344092819839716, 0.002342051826417446, 0.002271269680932164, 0.0022060724440962076, 0.0021782948169857264, 0.0021658202167600393, 0.002096779178828001, 0.002084567677229643, 0.0019911157432943583, 0.001990663819015026, 0.0018344372510910034, 0.001731549738906324, 0.0016832845285534859, 0.0016609211452305317, 0.0016375285340473056, 0.0015889544738456607, 0.0015728619182482362, 0.0015546400099992752, 0.0015454201493412256, 0.001459993771277368, 0.001456978963688016, 0.0012864804593846202, 0.0012651541037485003, 0.0012628079857677221, 0.0012570491526275873, 0.001240887795574963, 0.0011998736299574375, 0.0011792783625423908, 0.0011390388244763017, 0.0011312116403132677, 0.0011167352786287665, 0.0011144691379740834, 0.001110305660404265, 0.0010877870954573154, 0.0010315969120711088, 0.0010118989739567041, 0.0010085894027724862, 0.0009818595135584474, 0.0009569826070219278, 0.0009504768531769514, 0.0009424619493074715, 0.0009407332399860024, 0.0008990826900117099, 0.0008935834048315883, 0.0008863732218742371, 0.0008857493521645665, 0.0008422871469520032, 0.0008137515978887677, 0.0008009050507098436, 0.0007895168382674456, 0.000785273383371532, 0.0007830858812667429, 0.0007749279611743987, 0.0007655587396584451, 0.0007638145470991731, 0.0007511600852012634, 0.0007378743612207472, 0.0007219573017209768, 0.0007155468338169158, 0.0007150481687858701, 0.0006767025333829224, 0.0006587221287190914, 0.000656210700981319, 0.0006327747832983732, 0.0006152205751277506, 0.0006147059029899538, 0.0006100629107095301]}