{"top_heads": [[1, 11], [5, 5], [21, 17], [26, 27], [0, 27], [2, 26], [0, 21], [29, 6], [27, 24], [1, 10], [0, 8], [1, 24], [0, 12], [2, 25], [0, 30], [0, 29], [0, 9], [9, 28], [1, 31], [0, 16], [0, 11], [1, 27], [28, 1], [1, 22], [20, 3], [0, 28], [9, 27], [3, 22], [25, 20], [21, 19], [1, 9], [0, 5], [28, 6], [22, 11], [1, 16], [1, 18], [0, 23], [24, 1], [4, 0], [0, 3], [5, 3], [24, 20], [0, 4], [19, 31], [1, 23], [1, 12], [28, 21], [1, 6], [2, 7], [25, 29], [2, 18], [2, 27], [2, 30], [5, 0], [0, 17], [27, 10], [23, 16], [7, 6], [23, 2], [2, 2], [2, 13], [0, 1], [1, 8], [2, 4], [2, 0], [0, 31], [3, 9], [14, 3], [4, 18], [9, 31], [1, 5], [9, 5], [0, 24], [8, 26], [0, 2], [26, 2], [1, 7], [1, 26], [0, 22], [22, 16], [30, 11], [0, 19], [2, 5], [2, 1], [3, 27], [29, 25], [3, 24], [4, 21], [3, 3], [1, 1], [0, 14], [0, 15], [2, 16], [26, 18], [23, 9], [1, 19], [3, 4], [24, 13], [18, 2], [27, 11]], "top_head_effects": [9.73436272033723e-07, 1.094793788070092e-06, 1.2719468713839888e-06, 1.4208607126420247e-06, 1.7155708746940945e-06, 1.8225812254968332e-06, 2.070841674139956e-06, 2.4979924546641996e-06, 2.8559620659507345e-06, 2.9932848519820254e-06, 3.264228553234716e-06, 3.414035518289893e-06, 3.783103693422163e-06, 3.951734470319934e-06, 4.325596364651574e-06, 4.476135927689029e-06, 4.571006684273016e-06, 4.5887472879257984e-06, 4.655997599911643e-06, 5.466387392516481e-06, 5.511726612894563e-06, 5.60128819415695e-06, 5.7290089898742735e-06, 6.2574144976679236e-06, 6.290580131462775e-06, 6.405663043551613e-06, 6.724041213601595e-06, 7.904989615781233e-06, 7.95075720816385e-06, 8.07877859188011e-06, 8.196880116884131e-06, 8.376064215553924e-06, 8.38996948004933e-06, 8.39711537992116e-06, 8.465935025014915e-06, 8.490203981637023e-06, 8.911451004678383e-06, 9.004204912343994e-06, 9.28884583117906e-06, 9.390584637003485e-06, 9.512195902061649e-06, 9.747867807163857e-06, 9.865839274425525e-06, 9.966542165784631e-06, 1.0682590072974563e-05, 1.0682620086299721e-05, 1.0824836863321252e-05, 1.0841042239917442e-05, 1.1007230568793602e-05, 1.1056236871809233e-05, 1.1070175787608605e-05, 1.1172209269716404e-05, 1.1404736142139882e-05, 1.1520731277414598e-05, 1.1702401025104336e-05, 1.1744300536520313e-05, 1.1845100743812509e-05, 1.195259847008856e-05, 1.2740969395963475e-05, 1.2742940270982217e-05, 1.3121534720994532e-05, 1.325775338045787e-05, 1.3428538295556791e-05, 1.3861740626452956e-05, 1.4005556295160204e-05, 1.4118797480477951e-05, 1.4343449947773479e-05, 1.444750523660332e-05, 1.4505318176816218e-05, 1.4713864402438048e-05, 1.4727816051163245e-05, 1.4802568330196664e-05, 1.5044735846458934e-05, 1.5179730326053686e-05, 1.5739002265036106e-05, 1.5874127711867914e-05, 1.5877867554081604e-05, 1.62506039487198e-05, 1.6374719052691944e-05, 1.6425388821517117e-05, 1.6560185031266883e-05, 1.6648978999000974e-05, 1.673290171311237e-05, 1.7762347852112725e-05, 1.8100752640748397e-05, 1.8178581740357913e-05, 1.822100421122741e-05, 1.8252703739563003e-05, 1.8335915228817612e-05, 1.8480282960808836e-05, 1.8493185052648187e-05, 1.8521459423936903e-05, 1.8541606550570577e-05, 1.900815186672844e-05, 1.9197967048967257e-05, 1.93197720363969e-05, 1.9385755877010524e-05, 1.9473554857540876e-05, 2.01562033907976e-05, 2.0544535800581798e-05]}