{"top_heads": [[0, 30], [2, 27], [0, 12], [5, 5], [0, 3], [29, 8], [1, 21], [0, 18], [0, 5], [0, 21], [9, 27], [29, 6], [27, 28], [27, 11], [1, 31], [2, 31], [27, 19], [1, 4], [1, 5], [1, 12], [7, 14], [21, 19], [22, 16], [26, 2], [29, 31], [21, 2], [0, 11], [0, 29], [29, 25], [2, 20], [0, 2], [4, 19], [2, 25], [2, 26], [3, 3], [22, 1], [2, 0], [27, 5], [0, 27], [5, 11], [1, 11], [27, 20], [1, 25], [4, 0], [26, 30], [31, 19], [5, 15], [26, 3], [0, 6], [0, 16], [23, 2], [23, 20], [1, 16], [0, 8], [0, 23], [4, 16], [2, 10], [28, 24], [9, 8], [3, 20], [29, 27], [3, 24], [1, 13], [26, 27], [0, 4], [21, 17], [30, 11], [24, 1], [19, 17], [23, 9], [27, 4], [3, 13], [22, 2], [8, 10], [31, 12], [25, 29], [28, 14], [0, 28], [0, 17], [7, 24], [25, 11], [24, 13], [25, 12], [25, 23], [27, 24], [24, 7], [28, 16], [3, 9], [27, 7], [28, 21], [23, 29], [27, 14], [2, 13], [8, 26], [30, 15], [1, 19], [8, 4], [3, 4], [0, 24], [25, 7]], "top_head_effects": [1.4247605406580988e-07, 1.3025987755099777e-06, 1.4039594589121407e-06, 1.4089337128098123e-06, 1.949641045939643e-06, 2.1258626929920865e-06, 2.9513391837099334e-06, 3.0074957066972274e-06, 3.0360083655978087e-06, 3.256318677813397e-06, 3.42260864272248e-06, 3.7892402815487003e-06, 3.8007524381100666e-06, 3.843310423690127e-06, 3.849366294161882e-06, 3.887194452545373e-06, 4.028009243484121e-06, 4.295993676350918e-06, 4.416684078023536e-06, 4.4178123062010854e-06, 4.6972672862466425e-06, 4.973484919901239e-06, 5.1100992095598485e-06, 5.230574515735498e-06, 5.3107814892428e-06, 5.5211048675118946e-06, 5.731571491196519e-06, 6.075033979868749e-06, 6.6123402575613e-06, 6.759648385923356e-06, 6.963642590562813e-06, 6.981609658396337e-06, 7.090025064826477e-06, 7.092455234669615e-06, 8.020480890991166e-06, 8.080018233158626e-06, 8.242360308940988e-06, 8.304422408400569e-06, 8.801796866464429e-06, 8.803655873634852e-06, 8.825622899166774e-06, 8.850251106196083e-06, 9.094420420296956e-06, 9.201655302604195e-06, 9.234883691533469e-06, 9.306111678597517e-06, 9.718796718516387e-06, 9.730655619932804e-06, 9.87020212050993e-06, 9.892710295389406e-06, 9.908000720315613e-06, 9.993275853048544e-06, 1.0042378562502563e-05, 1.0348412615712732e-05, 1.053720188792795e-05, 1.0539726645220071e-05, 1.0620118700899184e-05, 1.0628824384184554e-05, 1.0690971976146102e-05, 1.0755969924503006e-05, 1.0873842256842181e-05, 1.1171056030434556e-05, 1.118518048315309e-05, 1.1288449968560599e-05, 1.1468610864540096e-05, 1.1504174835863523e-05, 1.2085871276212856e-05, 1.2124395652790554e-05, 1.2148523637733888e-05, 1.2337306543486193e-05, 1.2630377568711992e-05, 1.2682462511293124e-05, 1.2719052392640151e-05, 1.3067803593003191e-05, 1.3078613847028464e-05, 1.3366947314352728e-05, 1.3511292308976408e-05, 1.3616286196338478e-05, 1.3746774129685946e-05, 1.385665382258594e-05, 1.3985570149088744e-05, 1.4139334780338686e-05, 1.4218410797184333e-05, 1.4288321835920215e-05, 1.4330242265714332e-05, 1.4403129171114415e-05, 1.4512551388179418e-05, 1.4549992556567304e-05, 1.4563037439074833e-05, 1.4725431356055196e-05, 1.498160509072477e-05, 1.499497375334613e-05, 1.5060997611726634e-05, 1.5063941646076273e-05, 1.5126785001484677e-05, 1.5162777344812639e-05, 1.5277983038686216e-05, 1.5601675841026008e-05, 1.5762310795253143e-05, 1.6176869394257665e-05]}