{"top_heads": [[21, 6], [22, 3], [17, 27], [15, 25], [20, 31], [14, 25], [17, 3], [21, 18], [14, 23], [17, 24], [15, 12], [13, 13], [16, 27], [12, 11], [15, 21], [23, 10], [13, 5], [11, 19], [17, 29], [24, 19], [14, 11], [25, 2], [22, 21], [19, 5], [19, 25], [15, 24], [13, 26], [11, 15], [14, 7], [20, 8], [18, 24], [18, 15], [21, 10], [11, 28], [18, 31], [15, 20], [12, 15], [17, 21], [26, 16], [15, 26], [22, 31], [16, 13], [16, 8], [19, 13], [25, 6], [23, 31], [21, 31], [24, 27], [25, 17], [15, 3], [14, 22], [15, 23], [29, 17], [18, 19], [13, 9], [22, 26], [22, 14], [13, 2], [22, 18], [26, 5], [25, 0], [26, 31], [19, 30], [31, 1], [23, 12], [16, 22], [14, 31], [19, 11], [17, 14], [18, 1], [16, 7], [19, 16], [22, 5], [29, 10], [31, 16], [13, 15], [17, 0], [30, 31], [14, 30], [13, 10], [9, 1], [16, 4], [12, 3], [19, 0], [15, 5], [10, 1], [26, 7], [7, 1], [28, 28], [24, 29], [18, 14], [26, 9], [23, 19], [31, 31], [30, 8], [11, 2], [26, 28], [12, 18], [18, 25], [30, 18]], "top_head_effects": [-0.009532519616186619, -0.008517811074852943, -0.0075360434129834175, -0.006690677721053362, -0.006597592029720545, -0.005197756923735142, -0.005149307195097208, -0.00456521799787879, -0.004020032938569784, -0.003954602871090174, -0.0035924017429351807, -0.00339392083697021, -0.003062926698476076, -0.0029670996591448784, -0.002924241591244936, -0.002804221585392952, -0.0026509338058531284, -0.002611681818962097, -0.0024925682228058577, -0.0024867639876902103, -0.0024532629176974297, -0.002407161518931389, -0.002278226427733898, -0.0022369399666786194, -0.001986161805689335, -0.0019400009186938405, -0.001789774396456778, -0.0017713073175400496, -0.0017660290468484163, -0.00158339599147439, -0.0015809960896149278, -0.001576392212882638, -0.0015385366277769208, -0.0015368382446467876, -0.0014369422569870949, -0.0014066490111872554, -0.001381205627694726, -0.0013706451281905174, -0.0013058055192232132, -0.0012776108924299479, -0.0012706855777651072, -0.0011932625202462077, -0.001176088466309011, -0.0011616389965638518, -0.001104696188122034, -0.0011033370392397046, -0.0010851632105186582, -0.0010347842471674085, -0.0010061446810141206, -0.0009761023102328181, -0.0009702836978249252, -0.0009553700219839811, -0.0009360025869682431, -0.0009195714956149459, -0.000878579099662602, -0.0008532723295502365, -0.0008531984640285373, -0.0008386702393181622, -0.0008325335802510381, -0.0008277544402517378, -0.0008024105918593705, -0.00078615453094244, -0.000765410193707794, -0.0007524972897954285, -0.000731766049284488, -0.0007275547250173986, -0.0007167602889239788, -0.0006992389098741114, -0.0006870570941828191, -0.0006848102202638984, -0.000662564707454294, -0.0006561638438142836, -0.00064302101964131, -0.0006182576762512326, -0.0006073741824366152, -0.0005955973174422979, -0.0005854454939253628, -0.0005681413458660245, -0.0005505468579940498, -0.0005457009538076818, -0.0005437120562419295, -0.0005237358855083585, -0.0005170928779989481, -0.0005112717626616359, -0.0004584761627484113, -0.00043295189971104264, -0.0004189199535176158, -0.000400282209739089, -0.00039743061643093824, -0.0003704591654241085, -0.0003703185939230025, -0.00036965214530937374, -0.0003667993296403438, -0.0003642872325144708, -0.00036427719169296324, -0.0003617973125074059, -0.0003588128020055592, -0.0003521866456139833, -0.0003413913946133107, -0.00033837484079413116]}