{"top_heads": [[15, 0], [15, 11], [17, 18], [15, 18], [10, 12], [16, 23], [12, 24], [17, 31], [20, 1], [19, 18], [21, 23], [15, 19], [13, 28], [12, 31], [17, 23], [16, 2], [14, 2], [9, 2], [21, 24], [12, 25], [12, 21], [13, 31], [17, 17], [14, 0], [24, 22], [26, 22], [16, 6], [17, 11], [10, 29], [14, 14], [17, 5], [10, 21], [19, 19], [24, 5], [15, 10], [12, 13], [9, 25], [31, 30], [30, 9], [19, 9], [19, 21], [17, 28], [11, 0], [24, 6], [26, 23], [11, 14], [24, 15], [26, 15], [16, 31], [27, 31], [16, 25], [31, 20], [10, 15], [15, 30], [16, 24], [13, 22], [14, 18], [21, 8], [28, 10], [25, 19], [15, 8], [17, 6], [31, 0], [12, 10], [15, 1], [14, 17], [13, 24], [31, 29], [13, 6], [30, 12], [14, 21], [13, 16], [20, 27], [27, 15], [11, 4], [18, 11], [22, 24], [26, 14], [12, 30], [31, 23], [14, 12], [16, 29], [25, 9], [20, 25], [12, 26], [16, 0], [15, 7], [10, 19], [16, 30], [20, 16], [16, 5], [22, 17], [26, 17], [16, 20], [30, 22], [27, 1], [16, 21], [16, 3], [12, 22], [15, 14]], "top_head_effects": [0.10074028372764587, 0.09945445507764816, 0.057011086493730545, 0.04368484765291214, 0.033681098371744156, 0.0216694138944149, 0.020985914394259453, 0.018746839836239815, 0.01434855256229639, 0.012413832359015942, 0.011003002524375916, 0.010885130614042282, 0.010844750329852104, 0.010588056407868862, 0.010529222898185253, 0.00753801828250289, 0.0068232291378080845, 0.006643723230808973, 0.006234398577362299, 0.006201293785125017, 0.00609471695497632, 0.005747661925852299, 0.005523900501430035, 0.0051906537264585495, 0.0046774172224104404, 0.004355517216026783, 0.003834817558526993, 0.0038307912182062864, 0.003697324311360717, 0.0036962819285690784, 0.0036624439526349306, 0.003576274961233139, 0.0035161632113158703, 0.003475565928965807, 0.003362915012985468, 0.003274488030001521, 0.003227622015401721, 0.002965371124446392, 0.0029486704152077436, 0.0028573356103152037, 0.0027333409525454044, 0.0027175359427928925, 0.002666605170816183, 0.0025239589158445597, 0.0024682842195034027, 0.0024164889473468065, 0.0023867813870310783, 0.0023107226006686687, 0.002264324575662613, 0.002195932436734438, 0.0021445220336318016, 0.00212066899985075, 0.0020816358737647533, 0.002079683355987072, 0.002056850353255868, 0.0020376993343234062, 0.002007656032219529, 0.0019776637200266123, 0.0019161534728482366, 0.001886672805994749, 0.001875534188002348, 0.0017999516567215323, 0.0017968398751690984, 0.0017828887794166803, 0.0017341397469863296, 0.0017287714872509241, 0.0017248886870220304, 0.0017219461733475327, 0.001682410715147853, 0.0016689696349203587, 0.0016226290026679635, 0.0016068258555606008, 0.0016033821739256382, 0.001568121137097478, 0.0015596627490594983, 0.0015525370836257935, 0.0014843704411759973, 0.001469257054850459, 0.0014677675208076835, 0.001465385896153748, 0.001415402628481388, 0.0014131555799394846, 0.0013798641739413142, 0.0013736211694777012, 0.0013476924505084753, 0.0013422042829915881, 0.0013284642482176423, 0.0013268588809296489, 0.0013149026781320572, 0.0013060063356533647, 0.0013056910829618573, 0.0013017690507695079, 0.0012944076443091035, 0.0012814082438126206, 0.0012293064501136541, 0.0011923129204660654, 0.0011835007462650537, 0.001178239705041051, 0.0011355665046721697, 0.0011281779734417796]}